coco_id,caption,prompt,target_path,seg_path,generated_path,modality,experiment_id,guidance_scale,controlnet_conditioning_scale,num_inference_steps,LPIPS_Distance,DreamSim_Distance,CLIP_Score
2685,A crowd of people stand near a man behind a bar with wine bottles on it.,,/Users/sophiahuang/Desktop/CS348K/cs348k_proj/outputs/baseline_structural_seg/cfg_3p0_control_1p0/000000002685/target.png,/Users/sophiahuang/Desktop/CS348K/cs348k_proj/outputs/baseline_structural_seg/cfg_3p0_control_1p0/000000002685/seg.png,/Users/sophiahuang/Desktop/CS348K/cs348k_proj/outputs/baseline_structural_seg/cfg_3p0_control_1p0/000000002685/generated.png,empty_text_plus_seg,4,3.0,1.0,20,0.6731,0.5752,21.6512
6763,A man and a women posing next to one another in front of a table.,,/Users/sophiahuang/Desktop/CS348K/cs348k_proj/outputs/baseline_structural_seg/cfg_3p0_control_1p0/000000006763/target.png,/Users/sophiahuang/Desktop/CS348K/cs348k_proj/outputs/baseline_structural_seg/cfg_3p0_control_1p0/000000006763/seg.png,/Users/sophiahuang/Desktop/CS348K/cs348k_proj/outputs/baseline_structural_seg/cfg_3p0_control_1p0/000000006763/generated.png,empty_text_plus_seg,4,3.0,1.0,20,0.6856,0.6156,24.4171
2157,A table topped with a cake covered in berries next to a plate of sandwiches.,,/Users/sophiahuang/Desktop/CS348K/cs348k_proj/outputs/baseline_structural_seg/cfg_3p0_control_1p0/000000002157/target.png,/Users/sophiahuang/Desktop/CS348K/cs348k_proj/outputs/baseline_structural_seg/cfg_3p0_control_1p0/000000002157/seg.png,/Users/sophiahuang/Desktop/CS348K/cs348k_proj/outputs/baseline_structural_seg/cfg_3p0_control_1p0/000000002157/generated.png,empty_text_plus_seg,4,3.0,1.0,20,0.7046,0.546,25.6339
2431,"A table with a plate, wine-filled glass, and bread, among other items",,/Users/sophiahuang/Desktop/CS348K/cs348k_proj/outputs/baseline_structural_seg/cfg_3p0_control_1p0/000000002431/target.png,/Users/sophiahuang/Desktop/CS348K/cs348k_proj/outputs/baseline_structural_seg/cfg_3p0_control_1p0/000000002431/seg.png,/Users/sophiahuang/Desktop/CS348K/cs348k_proj/outputs/baseline_structural_seg/cfg_3p0_control_1p0/000000002431/generated.png,empty_text_plus_seg,4,3.0,1.0,20,0.6892,0.6604,22.2703
9400,Sever people are sitting next to each other while using laptops.,,/Users/sophiahuang/Desktop/CS348K/cs348k_proj/outputs/baseline_structural_seg/cfg_3p0_control_1p0/000000009400/target.png,/Users/sophiahuang/Desktop/CS348K/cs348k_proj/outputs/baseline_structural_seg/cfg_3p0_control_1p0/000000009400/seg.png,/Users/sophiahuang/Desktop/CS348K/cs348k_proj/outputs/baseline_structural_seg/cfg_3p0_control_1p0/000000009400/generated.png,empty_text_plus_seg,4,3.0,1.0,20,0.7085,0.6576,19.1146
7818,An illuminated floral display forms the centerpiece of the arrangement in this close up of a dining room table setting.,,/Users/sophiahuang/Desktop/CS348K/cs348k_proj/outputs/baseline_structural_seg/cfg_3p0_control_1p0/000000007818/target.png,/Users/sophiahuang/Desktop/CS348K/cs348k_proj/outputs/baseline_structural_seg/cfg_3p0_control_1p0/000000007818/seg.png,/Users/sophiahuang/Desktop/CS348K/cs348k_proj/outputs/baseline_structural_seg/cfg_3p0_control_1p0/000000007818/generated.png,empty_text_plus_seg,4,3.0,1.0,20,0.6772,0.5797,26.0466
1503,A picture of an iMac desktop next to a Mac laptop on a desk. ,,/Users/sophiahuang/Desktop/CS348K/cs348k_proj/outputs/baseline_structural_seg/cfg_3p0_control_1p0/000000001503/target.png,/Users/sophiahuang/Desktop/CS348K/cs348k_proj/outputs/baseline_structural_seg/cfg_3p0_control_1p0/000000001503/seg.png,/Users/sophiahuang/Desktop/CS348K/cs348k_proj/outputs/baseline_structural_seg/cfg_3p0_control_1p0/000000001503/generated.png,empty_text_plus_seg,4,3.0,1.0,20,0.6547,0.5959,24.6049
6471,A man at bat waiting for a pitch with a catcher and umpire behind him and players from the opposing team in the dugout.,,/Users/sophiahuang/Desktop/CS348K/cs348k_proj/outputs/baseline_structural_seg/cfg_3p0_control_1p0/000000006471/target.png,/Users/sophiahuang/Desktop/CS348K/cs348k_proj/outputs/baseline_structural_seg/cfg_3p0_control_1p0/000000006471/seg.png,/Users/sophiahuang/Desktop/CS348K/cs348k_proj/outputs/baseline_structural_seg/cfg_3p0_control_1p0/000000006471/generated.png,empty_text_plus_seg,4,3.0,1.0,20,0.6551,0.5749,17.3082
3845,A dinner plate that has white steamed rice with stir fry vegetables and chicken.,,/Users/sophiahuang/Desktop/CS348K/cs348k_proj/outputs/baseline_structural_seg/cfg_3p0_control_1p0/000000003845/target.png,/Users/sophiahuang/Desktop/CS348K/cs348k_proj/outputs/baseline_structural_seg/cfg_3p0_control_1p0/000000003845/seg.png,/Users/sophiahuang/Desktop/CS348K/cs348k_proj/outputs/baseline_structural_seg/cfg_3p0_control_1p0/000000003845/generated.png,empty_text_plus_seg,4,3.0,1.0,20,0.7325,0.5324,22.5811
1268,A waterway under a bridge with people sitting down and a woman taking a photo.,,/Users/sophiahuang/Desktop/CS348K/cs348k_proj/outputs/baseline_structural_seg/cfg_3p0_control_1p0/000000001268/target.png,/Users/sophiahuang/Desktop/CS348K/cs348k_proj/outputs/baseline_structural_seg/cfg_3p0_control_1p0/000000001268/seg.png,/Users/sophiahuang/Desktop/CS348K/cs348k_proj/outputs/baseline_structural_seg/cfg_3p0_control_1p0/000000001268/generated.png,empty_text_plus_seg,4,3.0,1.0,20,0.6261,0.6651,23.5672
9891,The man is loading luggage suitcases onto the cart in the parking lot. ,,/Users/sophiahuang/Desktop/CS348K/cs348k_proj/outputs/baseline_structural_seg/cfg_3p0_control_1p0/000000009891/target.png,/Users/sophiahuang/Desktop/CS348K/cs348k_proj/outputs/baseline_structural_seg/cfg_3p0_control_1p0/000000009891/seg.png,/Users/sophiahuang/Desktop/CS348K/cs348k_proj/outputs/baseline_structural_seg/cfg_3p0_control_1p0/000000009891/generated.png,empty_text_plus_seg,4,3.0,1.0,20,0.6793,0.5619,17.3053
5001,A group of people holding a large pair of scissors to a ribbon.,,/Users/sophiahuang/Desktop/CS348K/cs348k_proj/outputs/baseline_structural_seg/cfg_3p0_control_1p0/000000005001/target.png,/Users/sophiahuang/Desktop/CS348K/cs348k_proj/outputs/baseline_structural_seg/cfg_3p0_control_1p0/000000005001/seg.png,/Users/sophiahuang/Desktop/CS348K/cs348k_proj/outputs/baseline_structural_seg/cfg_3p0_control_1p0/000000005001/generated.png,empty_text_plus_seg,4,3.0,1.0,20,0.6538,0.6532,18.7869
3934,A young girl in the foreground and a woman in a bridal dress and other adults in the background. ,,/Users/sophiahuang/Desktop/CS348K/cs348k_proj/outputs/baseline_structural_seg/cfg_3p0_control_1p0/000000003934/target.png,/Users/sophiahuang/Desktop/CS348K/cs348k_proj/outputs/baseline_structural_seg/cfg_3p0_control_1p0/000000003934/seg.png,/Users/sophiahuang/Desktop/CS348K/cs348k_proj/outputs/baseline_structural_seg/cfg_3p0_control_1p0/000000003934/generated.png,empty_text_plus_seg,4,3.0,1.0,20,0.6804,0.6097,23.7514
1000,A group of kids posing for a picture on a tennis court.,,/Users/sophiahuang/Desktop/CS348K/cs348k_proj/outputs/baseline_structural_seg/cfg_3p0_control_1p0/000000001000/target.png,/Users/sophiahuang/Desktop/CS348K/cs348k_proj/outputs/baseline_structural_seg/cfg_3p0_control_1p0/000000001000/seg.png,/Users/sophiahuang/Desktop/CS348K/cs348k_proj/outputs/baseline_structural_seg/cfg_3p0_control_1p0/000000001000/generated.png,empty_text_plus_seg,4,3.0,1.0,20,0.6703,0.6287,20.5062
2006,City bus driving through pedestrian saturated area near crosswalk.,,/Users/sophiahuang/Desktop/CS348K/cs348k_proj/outputs/baseline_structural_seg/cfg_3p0_control_1p0/000000002006/target.png,/Users/sophiahuang/Desktop/CS348K/cs348k_proj/outputs/baseline_structural_seg/cfg_3p0_control_1p0/000000002006/seg.png,/Users/sophiahuang/Desktop/CS348K/cs348k_proj/outputs/baseline_structural_seg/cfg_3p0_control_1p0/000000002006/generated.png,empty_text_plus_seg,4,3.0,1.0,20,0.6743,0.725,17.5248
7574,"A kitchen with two sinks, a counter, detergent, a stove and a refrigerator in it.",,/Users/sophiahuang/Desktop/CS348K/cs348k_proj/outputs/baseline_structural_seg/cfg_3p0_control_1p0/000000007574/target.png,/Users/sophiahuang/Desktop/CS348K/cs348k_proj/outputs/baseline_structural_seg/cfg_3p0_control_1p0/000000007574/seg.png,/Users/sophiahuang/Desktop/CS348K/cs348k_proj/outputs/baseline_structural_seg/cfg_3p0_control_1p0/000000007574/generated.png,empty_text_plus_seg,4,3.0,1.0,20,0.6907,0.5336,26.7749
4134,Two men standing next to each other holding hands.,,/Users/sophiahuang/Desktop/CS348K/cs348k_proj/outputs/baseline_structural_seg/cfg_3p0_control_1p0/000000004134/target.png,/Users/sophiahuang/Desktop/CS348K/cs348k_proj/outputs/baseline_structural_seg/cfg_3p0_control_1p0/000000004134/seg.png,/Users/sophiahuang/Desktop/CS348K/cs348k_proj/outputs/baseline_structural_seg/cfg_3p0_control_1p0/000000004134/generated.png,empty_text_plus_seg,4,3.0,1.0,20,0.666,0.6273,19.1697
8021,An audience is looking at an film of a man taking that is projected onto a wall. ,,/Users/sophiahuang/Desktop/CS348K/cs348k_proj/outputs/baseline_structural_seg/cfg_3p0_control_1p0/000000008021/target.png,/Users/sophiahuang/Desktop/CS348K/cs348k_proj/outputs/baseline_structural_seg/cfg_3p0_control_1p0/000000008021/seg.png,/Users/sophiahuang/Desktop/CS348K/cs348k_proj/outputs/baseline_structural_seg/cfg_3p0_control_1p0/000000008021/generated.png,empty_text_plus_seg,4,3.0,1.0,20,0.7592,0.7057,22.5583
5193,A group of people pose for a picture while a man holds two surfboards. ,,/Users/sophiahuang/Desktop/CS348K/cs348k_proj/outputs/baseline_structural_seg/cfg_3p0_control_1p0/000000005193/target.png,/Users/sophiahuang/Desktop/CS348K/cs348k_proj/outputs/baseline_structural_seg/cfg_3p0_control_1p0/000000005193/seg.png,/Users/sophiahuang/Desktop/CS348K/cs348k_proj/outputs/baseline_structural_seg/cfg_3p0_control_1p0/000000005193/generated.png,empty_text_plus_seg,4,3.0,1.0,20,0.668,0.5684,23.6785
6771,The woman wearing a costume among others is using a cell phone.,,/Users/sophiahuang/Desktop/CS348K/cs348k_proj/outputs/baseline_structural_seg/cfg_3p0_control_1p0/000000006771/target.png,/Users/sophiahuang/Desktop/CS348K/cs348k_proj/outputs/baseline_structural_seg/cfg_3p0_control_1p0/000000006771/seg.png,/Users/sophiahuang/Desktop/CS348K/cs348k_proj/outputs/baseline_structural_seg/cfg_3p0_control_1p0/000000006771/generated.png,empty_text_plus_seg,4,3.0,1.0,20,0.7132,0.7703,21.1352
9590,A group of guys are sitting at a table eating and laughing.,,/Users/sophiahuang/Desktop/CS348K/cs348k_proj/outputs/baseline_structural_seg/cfg_3p0_control_1p0/000000009590/target.png,/Users/sophiahuang/Desktop/CS348K/cs348k_proj/outputs/baseline_structural_seg/cfg_3p0_control_1p0/000000009590/seg.png,/Users/sophiahuang/Desktop/CS348K/cs348k_proj/outputs/baseline_structural_seg/cfg_3p0_control_1p0/000000009590/generated.png,empty_text_plus_seg,4,3.0,1.0,20,0.6669,0.4593,29.2683
4795,A cat observing a computer screen next to a laptop and a cordless phone.,,/Users/sophiahuang/Desktop/CS348K/cs348k_proj/outputs/baseline_structural_seg/cfg_3p0_control_1p0/000000004795/target.png,/Users/sophiahuang/Desktop/CS348K/cs348k_proj/outputs/baseline_structural_seg/cfg_3p0_control_1p0/000000004795/seg.png,/Users/sophiahuang/Desktop/CS348K/cs348k_proj/outputs/baseline_structural_seg/cfg_3p0_control_1p0/000000004795/generated.png,empty_text_plus_seg,4,3.0,1.0,20,0.6926,0.6411,15.8774
9378,A man holding onto a yellow frisbee while having long hair.,,/Users/sophiahuang/Desktop/CS348K/cs348k_proj/outputs/baseline_structural_seg/cfg_3p0_control_1p0/000000009378/target.png,/Users/sophiahuang/Desktop/CS348K/cs348k_proj/outputs/baseline_structural_seg/cfg_3p0_control_1p0/000000009378/seg.png,/Users/sophiahuang/Desktop/CS348K/cs348k_proj/outputs/baseline_structural_seg/cfg_3p0_control_1p0/000000009378/generated.png,empty_text_plus_seg,4,3.0,1.0,20,0.6941,0.677,21.6001
7816,A person on a motorcycles driving past a group of people behind a fence.,,/Users/sophiahuang/Desktop/CS348K/cs348k_proj/outputs/baseline_structural_seg/cfg_3p0_control_1p0/000000007816/target.png,/Users/sophiahuang/Desktop/CS348K/cs348k_proj/outputs/baseline_structural_seg/cfg_3p0_control_1p0/000000007816/seg.png,/Users/sophiahuang/Desktop/CS348K/cs348k_proj/outputs/baseline_structural_seg/cfg_3p0_control_1p0/000000007816/generated.png,empty_text_plus_seg,4,3.0,1.0,20,0.6857,0.6327,24.2978
8844,A middle aged black woman is standing behind a table full of bananas.,,/Users/sophiahuang/Desktop/CS348K/cs348k_proj/outputs/baseline_structural_seg/cfg_3p0_control_1p0/000000008844/target.png,/Users/sophiahuang/Desktop/CS348K/cs348k_proj/outputs/baseline_structural_seg/cfg_3p0_control_1p0/000000008844/seg.png,/Users/sophiahuang/Desktop/CS348K/cs348k_proj/outputs/baseline_structural_seg/cfg_3p0_control_1p0/000000008844/generated.png,empty_text_plus_seg,4,3.0,1.0,20,0.7891,0.7258,19.2689
5037,A passenger bus pulling up to the side of a street.,,/Users/sophiahuang/Desktop/CS348K/cs348k_proj/outputs/baseline_structural_seg/cfg_3p0_control_1p0/000000005037/target.png,/Users/sophiahuang/Desktop/CS348K/cs348k_proj/outputs/baseline_structural_seg/cfg_3p0_control_1p0/000000005037/seg.png,/Users/sophiahuang/Desktop/CS348K/cs348k_proj/outputs/baseline_structural_seg/cfg_3p0_control_1p0/000000005037/generated.png,empty_text_plus_seg,4,3.0,1.0,20,0.6355,0.7316,19.3727
632,a bed room with a neatly made bed a window and a book shelf,,/Users/sophiahuang/Desktop/CS348K/cs348k_proj/outputs/baseline_structural_seg/cfg_3p0_control_1p0/000000000632/target.png,/Users/sophiahuang/Desktop/CS348K/cs348k_proj/outputs/baseline_structural_seg/cfg_3p0_control_1p0/000000000632/seg.png,/Users/sophiahuang/Desktop/CS348K/cs348k_proj/outputs/baseline_structural_seg/cfg_3p0_control_1p0/000000000632/generated.png,empty_text_plus_seg,4,3.0,1.0,20,0.5743,0.363,30.0263
8277,A styrofoam plate with shredded chicken and a dish of broccoli with cheese sauce.,,/Users/sophiahuang/Desktop/CS348K/cs348k_proj/outputs/baseline_structural_seg/cfg_3p0_control_1p0/000000008277/target.png,/Users/sophiahuang/Desktop/CS348K/cs348k_proj/outputs/baseline_structural_seg/cfg_3p0_control_1p0/000000008277/seg.png,/Users/sophiahuang/Desktop/CS348K/cs348k_proj/outputs/baseline_structural_seg/cfg_3p0_control_1p0/000000008277/generated.png,empty_text_plus_seg,4,3.0,1.0,20,0.6186,0.5933,20.625
6040,An electric train is traveling down the track on a road.,,/Users/sophiahuang/Desktop/CS348K/cs348k_proj/outputs/baseline_structural_seg/cfg_3p0_control_1p0/000000006040/target.png,/Users/sophiahuang/Desktop/CS348K/cs348k_proj/outputs/baseline_structural_seg/cfg_3p0_control_1p0/000000006040/seg.png,/Users/sophiahuang/Desktop/CS348K/cs348k_proj/outputs/baseline_structural_seg/cfg_3p0_control_1p0/000000006040/generated.png,empty_text_plus_seg,4,3.0,1.0,20,0.6405,0.6947,21.2722
7108,"A close up from knees up front view of an elephant with trunk forward, outside on dirt, with other elephants, grass, bushes and white-blue sky.",,/Users/sophiahuang/Desktop/CS348K/cs348k_proj/outputs/baseline_structural_seg/cfg_3p0_control_1p0/000000007108/target.png,/Users/sophiahuang/Desktop/CS348K/cs348k_proj/outputs/baseline_structural_seg/cfg_3p0_control_1p0/000000007108/seg.png,/Users/sophiahuang/Desktop/CS348K/cs348k_proj/outputs/baseline_structural_seg/cfg_3p0_control_1p0/000000007108/generated.png,empty_text_plus_seg,4,3.0,1.0,20,0.6244,0.4292,22.1195
5586,A tennis player in a crowded arena waits for the next volley.,,/Users/sophiahuang/Desktop/CS348K/cs348k_proj/outputs/baseline_structural_seg/cfg_3p0_control_1p0/000000005586/target.png,/Users/sophiahuang/Desktop/CS348K/cs348k_proj/outputs/baseline_structural_seg/cfg_3p0_control_1p0/000000005586/seg.png,/Users/sophiahuang/Desktop/CS348K/cs348k_proj/outputs/baseline_structural_seg/cfg_3p0_control_1p0/000000005586/generated.png,empty_text_plus_seg,4,3.0,1.0,20,0.7232,0.7574,16.5035
7281,Two people on horseback are posing while the horses gallop on a beach shore.,,/Users/sophiahuang/Desktop/CS348K/cs348k_proj/outputs/baseline_structural_seg/cfg_3p0_control_1p0/000000007281/target.png,/Users/sophiahuang/Desktop/CS348K/cs348k_proj/outputs/baseline_structural_seg/cfg_3p0_control_1p0/000000007281/seg.png,/Users/sophiahuang/Desktop/CS348K/cs348k_proj/outputs/baseline_structural_seg/cfg_3p0_control_1p0/000000007281/generated.png,empty_text_plus_seg,4,3.0,1.0,20,0.677,0.5487,24.028
7511,Man flying a kite on the beach while others run along the sand.,,/Users/sophiahuang/Desktop/CS348K/cs348k_proj/outputs/baseline_structural_seg/cfg_3p0_control_1p0/000000007511/target.png,/Users/sophiahuang/Desktop/CS348K/cs348k_proj/outputs/baseline_structural_seg/cfg_3p0_control_1p0/000000007511/seg.png,/Users/sophiahuang/Desktop/CS348K/cs348k_proj/outputs/baseline_structural_seg/cfg_3p0_control_1p0/000000007511/generated.png,empty_text_plus_seg,4,3.0,1.0,20,0.5886,0.4761,22.4829
9483,"A man by desk with mixing equipment, a keyboard and a computer monitor.",,/Users/sophiahuang/Desktop/CS348K/cs348k_proj/outputs/baseline_structural_seg/cfg_3p0_control_1p0/000000009483/target.png,/Users/sophiahuang/Desktop/CS348K/cs348k_proj/outputs/baseline_structural_seg/cfg_3p0_control_1p0/000000009483/seg.png,/Users/sophiahuang/Desktop/CS348K/cs348k_proj/outputs/baseline_structural_seg/cfg_3p0_control_1p0/000000009483/generated.png,empty_text_plus_seg,4,3.0,1.0,20,0.6061,0.4883,26.7988
139,A woman stands in the dining area at the table.,,/Users/sophiahuang/Desktop/CS348K/cs348k_proj/outputs/baseline_structural_seg/cfg_3p0_control_1p0/000000000139/target.png,/Users/sophiahuang/Desktop/CS348K/cs348k_proj/outputs/baseline_structural_seg/cfg_3p0_control_1p0/000000000139/seg.png,/Users/sophiahuang/Desktop/CS348K/cs348k_proj/outputs/baseline_structural_seg/cfg_3p0_control_1p0/000000000139/generated.png,empty_text_plus_seg,4,3.0,1.0,20,0.6733,0.5239,21.4027
5992,A herd of sheep standing on top of a green grass covered yard.,,/Users/sophiahuang/Desktop/CS348K/cs348k_proj/outputs/baseline_structural_seg/cfg_3p0_control_1p0/000000005992/target.png,/Users/sophiahuang/Desktop/CS348K/cs348k_proj/outputs/baseline_structural_seg/cfg_3p0_control_1p0/000000005992/seg.png,/Users/sophiahuang/Desktop/CS348K/cs348k_proj/outputs/baseline_structural_seg/cfg_3p0_control_1p0/000000005992/generated.png,empty_text_plus_seg,4,3.0,1.0,20,0.5987,0.5103,21.5381
885,Someone playing in a tennis tournament with a crowd looking on.,,/Users/sophiahuang/Desktop/CS348K/cs348k_proj/outputs/baseline_structural_seg/cfg_3p0_control_1p0/000000000885/target.png,/Users/sophiahuang/Desktop/CS348K/cs348k_proj/outputs/baseline_structural_seg/cfg_3p0_control_1p0/000000000885/seg.png,/Users/sophiahuang/Desktop/CS348K/cs348k_proj/outputs/baseline_structural_seg/cfg_3p0_control_1p0/000000000885/generated.png,empty_text_plus_seg,4,3.0,1.0,20,0.7543,0.6497,22.809
1584,a red double decker bus that is in the middle of the road,,/Users/sophiahuang/Desktop/CS348K/cs348k_proj/outputs/baseline_structural_seg/cfg_3p0_control_1p0/000000001584/target.png,/Users/sophiahuang/Desktop/CS348K/cs348k_proj/outputs/baseline_structural_seg/cfg_3p0_control_1p0/000000001584/seg.png,/Users/sophiahuang/Desktop/CS348K/cs348k_proj/outputs/baseline_structural_seg/cfg_3p0_control_1p0/000000001584/generated.png,empty_text_plus_seg,4,3.0,1.0,20,0.6439,0.6614,24.0192
3661,A bunch of bananas sitting on top of a wooden table.,,/Users/sophiahuang/Desktop/CS348K/cs348k_proj/outputs/baseline_structural_seg/cfg_3p0_control_1p0/000000003661/target.png,/Users/sophiahuang/Desktop/CS348K/cs348k_proj/outputs/baseline_structural_seg/cfg_3p0_control_1p0/000000003661/seg.png,/Users/sophiahuang/Desktop/CS348K/cs348k_proj/outputs/baseline_structural_seg/cfg_3p0_control_1p0/000000003661/generated.png,empty_text_plus_seg,4,3.0,1.0,20,0.7733,0.6872,18.3762
2923,A couple of birds walk through a field of tall grass near a sail boat harbor.,,/Users/sophiahuang/Desktop/CS348K/cs348k_proj/outputs/baseline_structural_seg/cfg_3p0_control_1p0/000000002923/target.png,/Users/sophiahuang/Desktop/CS348K/cs348k_proj/outputs/baseline_structural_seg/cfg_3p0_control_1p0/000000002923/seg.png,/Users/sophiahuang/Desktop/CS348K/cs348k_proj/outputs/baseline_structural_seg/cfg_3p0_control_1p0/000000002923/generated.png,empty_text_plus_seg,4,3.0,1.0,20,0.6911,0.6582,20.0254
2685,A crowd of people stand near a man behind a bar with wine bottles on it.,,/Users/sophiahuang/Desktop/CS348K/cs348k_proj/outputs/baseline_structural_seg/cfg_5p0_control_1p0/000000002685/target.png,/Users/sophiahuang/Desktop/CS348K/cs348k_proj/outputs/baseline_structural_seg/cfg_5p0_control_1p0/000000002685/seg.png,/Users/sophiahuang/Desktop/CS348K/cs348k_proj/outputs/baseline_structural_seg/cfg_5p0_control_1p0/000000002685/generated.png,empty_text_plus_seg,4,5.0,1.0,20,0.7211,0.575,25.0036
6763,A man and a women posing next to one another in front of a table.,,/Users/sophiahuang/Desktop/CS348K/cs348k_proj/outputs/baseline_structural_seg/cfg_5p0_control_1p0/000000006763/target.png,/Users/sophiahuang/Desktop/CS348K/cs348k_proj/outputs/baseline_structural_seg/cfg_5p0_control_1p0/000000006763/seg.png,/Users/sophiahuang/Desktop/CS348K/cs348k_proj/outputs/baseline_structural_seg/cfg_5p0_control_1p0/000000006763/generated.png,empty_text_plus_seg,4,5.0,1.0,20,0.7,0.715,24.4191
2157,A table topped with a cake covered in berries next to a plate of sandwiches.,,/Users/sophiahuang/Desktop/CS348K/cs348k_proj/outputs/baseline_structural_seg/cfg_5p0_control_1p0/000000002157/target.png,/Users/sophiahuang/Desktop/CS348K/cs348k_proj/outputs/baseline_structural_seg/cfg_5p0_control_1p0/000000002157/seg.png,/Users/sophiahuang/Desktop/CS348K/cs348k_proj/outputs/baseline_structural_seg/cfg_5p0_control_1p0/000000002157/generated.png,empty_text_plus_seg,4,5.0,1.0,20,0.7182,0.477,23.7324
2431,"A table with a plate, wine-filled glass, and bread, among other items",,/Users/sophiahuang/Desktop/CS348K/cs348k_proj/outputs/baseline_structural_seg/cfg_5p0_control_1p0/000000002431/target.png,/Users/sophiahuang/Desktop/CS348K/cs348k_proj/outputs/baseline_structural_seg/cfg_5p0_control_1p0/000000002431/seg.png,/Users/sophiahuang/Desktop/CS348K/cs348k_proj/outputs/baseline_structural_seg/cfg_5p0_control_1p0/000000002431/generated.png,empty_text_plus_seg,4,5.0,1.0,20,0.6426,0.5028,25.3686
9400,Sever people are sitting next to each other while using laptops.,,/Users/sophiahuang/Desktop/CS348K/cs348k_proj/outputs/baseline_structural_seg/cfg_5p0_control_1p0/000000009400/target.png,/Users/sophiahuang/Desktop/CS348K/cs348k_proj/outputs/baseline_structural_seg/cfg_5p0_control_1p0/000000009400/seg.png,/Users/sophiahuang/Desktop/CS348K/cs348k_proj/outputs/baseline_structural_seg/cfg_5p0_control_1p0/000000009400/generated.png,empty_text_plus_seg,4,5.0,1.0,20,0.7018,0.568,18.7697
7818,An illuminated floral display forms the centerpiece of the arrangement in this close up of a dining room table setting.,,/Users/sophiahuang/Desktop/CS348K/cs348k_proj/outputs/baseline_structural_seg/cfg_5p0_control_1p0/000000007818/target.png,/Users/sophiahuang/Desktop/CS348K/cs348k_proj/outputs/baseline_structural_seg/cfg_5p0_control_1p0/000000007818/seg.png,/Users/sophiahuang/Desktop/CS348K/cs348k_proj/outputs/baseline_structural_seg/cfg_5p0_control_1p0/000000007818/generated.png,empty_text_plus_seg,4,5.0,1.0,20,0.7255,0.5193,27.3185
1503,A picture of an iMac desktop next to a Mac laptop on a desk. ,,/Users/sophiahuang/Desktop/CS348K/cs348k_proj/outputs/baseline_structural_seg/cfg_5p0_control_1p0/000000001503/target.png,/Users/sophiahuang/Desktop/CS348K/cs348k_proj/outputs/baseline_structural_seg/cfg_5p0_control_1p0/000000001503/seg.png,/Users/sophiahuang/Desktop/CS348K/cs348k_proj/outputs/baseline_structural_seg/cfg_5p0_control_1p0/000000001503/generated.png,empty_text_plus_seg,4,5.0,1.0,20,0.6578,0.7805,17.4168
6471,A man at bat waiting for a pitch with a catcher and umpire behind him and players from the opposing team in the dugout.,,/Users/sophiahuang/Desktop/CS348K/cs348k_proj/outputs/baseline_structural_seg/cfg_5p0_control_1p0/000000006471/target.png,/Users/sophiahuang/Desktop/CS348K/cs348k_proj/outputs/baseline_structural_seg/cfg_5p0_control_1p0/000000006471/seg.png,/Users/sophiahuang/Desktop/CS348K/cs348k_proj/outputs/baseline_structural_seg/cfg_5p0_control_1p0/000000006471/generated.png,empty_text_plus_seg,4,5.0,1.0,20,0.5139,0.4647,27.4296
3845,A dinner plate that has white steamed rice with stir fry vegetables and chicken.,,/Users/sophiahuang/Desktop/CS348K/cs348k_proj/outputs/baseline_structural_seg/cfg_5p0_control_1p0/000000003845/target.png,/Users/sophiahuang/Desktop/CS348K/cs348k_proj/outputs/baseline_structural_seg/cfg_5p0_control_1p0/000000003845/seg.png,/Users/sophiahuang/Desktop/CS348K/cs348k_proj/outputs/baseline_structural_seg/cfg_5p0_control_1p0/000000003845/generated.png,empty_text_plus_seg,4,5.0,1.0,20,0.6861,0.4468,23.5647
1268,A waterway under a bridge with people sitting down and a woman taking a photo.,,/Users/sophiahuang/Desktop/CS348K/cs348k_proj/outputs/baseline_structural_seg/cfg_5p0_control_1p0/000000001268/target.png,/Users/sophiahuang/Desktop/CS348K/cs348k_proj/outputs/baseline_structural_seg/cfg_5p0_control_1p0/000000001268/seg.png,/Users/sophiahuang/Desktop/CS348K/cs348k_proj/outputs/baseline_structural_seg/cfg_5p0_control_1p0/000000001268/generated.png,empty_text_plus_seg,4,5.0,1.0,20,0.5845,0.5988,30.53
9891,The man is loading luggage suitcases onto the cart in the parking lot. ,,/Users/sophiahuang/Desktop/CS348K/cs348k_proj/outputs/baseline_structural_seg/cfg_5p0_control_1p0/000000009891/target.png,/Users/sophiahuang/Desktop/CS348K/cs348k_proj/outputs/baseline_structural_seg/cfg_5p0_control_1p0/000000009891/seg.png,/Users/sophiahuang/Desktop/CS348K/cs348k_proj/outputs/baseline_structural_seg/cfg_5p0_control_1p0/000000009891/generated.png,empty_text_plus_seg,4,5.0,1.0,20,0.6577,0.56,18.0244
5001,A group of people holding a large pair of scissors to a ribbon.,,/Users/sophiahuang/Desktop/CS348K/cs348k_proj/outputs/baseline_structural_seg/cfg_5p0_control_1p0/000000005001/target.png,/Users/sophiahuang/Desktop/CS348K/cs348k_proj/outputs/baseline_structural_seg/cfg_5p0_control_1p0/000000005001/seg.png,/Users/sophiahuang/Desktop/CS348K/cs348k_proj/outputs/baseline_structural_seg/cfg_5p0_control_1p0/000000005001/generated.png,empty_text_plus_seg,4,5.0,1.0,20,0.6722,0.5672,23.4206
3934,A young girl in the foreground and a woman in a bridal dress and other adults in the background. ,,/Users/sophiahuang/Desktop/CS348K/cs348k_proj/outputs/baseline_structural_seg/cfg_5p0_control_1p0/000000003934/target.png,/Users/sophiahuang/Desktop/CS348K/cs348k_proj/outputs/baseline_structural_seg/cfg_5p0_control_1p0/000000003934/seg.png,/Users/sophiahuang/Desktop/CS348K/cs348k_proj/outputs/baseline_structural_seg/cfg_5p0_control_1p0/000000003934/generated.png,empty_text_plus_seg,4,5.0,1.0,20,0.6949,0.6331,20.088
1000,A group of kids posing for a picture on a tennis court.,,/Users/sophiahuang/Desktop/CS348K/cs348k_proj/outputs/baseline_structural_seg/cfg_5p0_control_1p0/000000001000/target.png,/Users/sophiahuang/Desktop/CS348K/cs348k_proj/outputs/baseline_structural_seg/cfg_5p0_control_1p0/000000001000/seg.png,/Users/sophiahuang/Desktop/CS348K/cs348k_proj/outputs/baseline_structural_seg/cfg_5p0_control_1p0/000000001000/generated.png,empty_text_plus_seg,4,5.0,1.0,20,0.6811,0.5079,25.8241
2006,City bus driving through pedestrian saturated area near crosswalk.,,/Users/sophiahuang/Desktop/CS348K/cs348k_proj/outputs/baseline_structural_seg/cfg_5p0_control_1p0/000000002006/target.png,/Users/sophiahuang/Desktop/CS348K/cs348k_proj/outputs/baseline_structural_seg/cfg_5p0_control_1p0/000000002006/seg.png,/Users/sophiahuang/Desktop/CS348K/cs348k_proj/outputs/baseline_structural_seg/cfg_5p0_control_1p0/000000002006/generated.png,empty_text_plus_seg,4,5.0,1.0,20,0.6502,0.7746,18.7028
7574,"A kitchen with two sinks, a counter, detergent, a stove and a refrigerator in it.",,/Users/sophiahuang/Desktop/CS348K/cs348k_proj/outputs/baseline_structural_seg/cfg_5p0_control_1p0/000000007574/target.png,/Users/sophiahuang/Desktop/CS348K/cs348k_proj/outputs/baseline_structural_seg/cfg_5p0_control_1p0/000000007574/seg.png,/Users/sophiahuang/Desktop/CS348K/cs348k_proj/outputs/baseline_structural_seg/cfg_5p0_control_1p0/000000007574/generated.png,empty_text_plus_seg,4,5.0,1.0,20,0.6699,0.6413,25.6219
4134,Two men standing next to each other holding hands.,,/Users/sophiahuang/Desktop/CS348K/cs348k_proj/outputs/baseline_structural_seg/cfg_5p0_control_1p0/000000004134/target.png,/Users/sophiahuang/Desktop/CS348K/cs348k_proj/outputs/baseline_structural_seg/cfg_5p0_control_1p0/000000004134/seg.png,/Users/sophiahuang/Desktop/CS348K/cs348k_proj/outputs/baseline_structural_seg/cfg_5p0_control_1p0/000000004134/generated.png,empty_text_plus_seg,4,5.0,1.0,20,0.7048,0.6228,19.0623
8021,An audience is looking at an film of a man taking that is projected onto a wall. ,,/Users/sophiahuang/Desktop/CS348K/cs348k_proj/outputs/baseline_structural_seg/cfg_5p0_control_1p0/000000008021/target.png,/Users/sophiahuang/Desktop/CS348K/cs348k_proj/outputs/baseline_structural_seg/cfg_5p0_control_1p0/000000008021/seg.png,/Users/sophiahuang/Desktop/CS348K/cs348k_proj/outputs/baseline_structural_seg/cfg_5p0_control_1p0/000000008021/generated.png,empty_text_plus_seg,4,5.0,1.0,20,0.7279,0.6456,24.1129
5193,A group of people pose for a picture while a man holds two surfboards. ,,/Users/sophiahuang/Desktop/CS348K/cs348k_proj/outputs/baseline_structural_seg/cfg_5p0_control_1p0/000000005193/target.png,/Users/sophiahuang/Desktop/CS348K/cs348k_proj/outputs/baseline_structural_seg/cfg_5p0_control_1p0/000000005193/seg.png,/Users/sophiahuang/Desktop/CS348K/cs348k_proj/outputs/baseline_structural_seg/cfg_5p0_control_1p0/000000005193/generated.png,empty_text_plus_seg,4,5.0,1.0,20,0.672,0.5179,22.9586
6771,The woman wearing a costume among others is using a cell phone.,,/Users/sophiahuang/Desktop/CS348K/cs348k_proj/outputs/baseline_structural_seg/cfg_5p0_control_1p0/000000006771/target.png,/Users/sophiahuang/Desktop/CS348K/cs348k_proj/outputs/baseline_structural_seg/cfg_5p0_control_1p0/000000006771/seg.png,/Users/sophiahuang/Desktop/CS348K/cs348k_proj/outputs/baseline_structural_seg/cfg_5p0_control_1p0/000000006771/generated.png,empty_text_plus_seg,4,5.0,1.0,20,0.7008,0.7181,23.3901
9590,A group of guys are sitting at a table eating and laughing.,,/Users/sophiahuang/Desktop/CS348K/cs348k_proj/outputs/baseline_structural_seg/cfg_5p0_control_1p0/000000009590/target.png,/Users/sophiahuang/Desktop/CS348K/cs348k_proj/outputs/baseline_structural_seg/cfg_5p0_control_1p0/000000009590/seg.png,/Users/sophiahuang/Desktop/CS348K/cs348k_proj/outputs/baseline_structural_seg/cfg_5p0_control_1p0/000000009590/generated.png,empty_text_plus_seg,4,5.0,1.0,20,0.5784,0.5535,25.5636
4795,A cat observing a computer screen next to a laptop and a cordless phone.,,/Users/sophiahuang/Desktop/CS348K/cs348k_proj/outputs/baseline_structural_seg/cfg_5p0_control_1p0/000000004795/target.png,/Users/sophiahuang/Desktop/CS348K/cs348k_proj/outputs/baseline_structural_seg/cfg_5p0_control_1p0/000000004795/seg.png,/Users/sophiahuang/Desktop/CS348K/cs348k_proj/outputs/baseline_structural_seg/cfg_5p0_control_1p0/000000004795/generated.png,empty_text_plus_seg,4,5.0,1.0,20,0.6932,0.74,16.3011
9378,A man holding onto a yellow frisbee while having long hair.,,/Users/sophiahuang/Desktop/CS348K/cs348k_proj/outputs/baseline_structural_seg/cfg_5p0_control_1p0/000000009378/target.png,/Users/sophiahuang/Desktop/CS348K/cs348k_proj/outputs/baseline_structural_seg/cfg_5p0_control_1p0/000000009378/seg.png,/Users/sophiahuang/Desktop/CS348K/cs348k_proj/outputs/baseline_structural_seg/cfg_5p0_control_1p0/000000009378/generated.png,empty_text_plus_seg,4,5.0,1.0,20,0.6839,0.8032,19.212
7816,A person on a motorcycles driving past a group of people behind a fence.,,/Users/sophiahuang/Desktop/CS348K/cs348k_proj/outputs/baseline_structural_seg/cfg_5p0_control_1p0/000000007816/target.png,/Users/sophiahuang/Desktop/CS348K/cs348k_proj/outputs/baseline_structural_seg/cfg_5p0_control_1p0/000000007816/seg.png,/Users/sophiahuang/Desktop/CS348K/cs348k_proj/outputs/baseline_structural_seg/cfg_5p0_control_1p0/000000007816/generated.png,empty_text_plus_seg,4,5.0,1.0,20,0.5842,0.4717,24.2083
8844,A middle aged black woman is standing behind a table full of bananas.,,/Users/sophiahuang/Desktop/CS348K/cs348k_proj/outputs/baseline_structural_seg/cfg_5p0_control_1p0/000000008844/target.png,/Users/sophiahuang/Desktop/CS348K/cs348k_proj/outputs/baseline_structural_seg/cfg_5p0_control_1p0/000000008844/seg.png,/Users/sophiahuang/Desktop/CS348K/cs348k_proj/outputs/baseline_structural_seg/cfg_5p0_control_1p0/000000008844/generated.png,empty_text_plus_seg,4,5.0,1.0,20,0.7658,0.5892,17.5683
5037,A passenger bus pulling up to the side of a street.,,/Users/sophiahuang/Desktop/CS348K/cs348k_proj/outputs/baseline_structural_seg/cfg_5p0_control_1p0/000000005037/target.png,/Users/sophiahuang/Desktop/CS348K/cs348k_proj/outputs/baseline_structural_seg/cfg_5p0_control_1p0/000000005037/seg.png,/Users/sophiahuang/Desktop/CS348K/cs348k_proj/outputs/baseline_structural_seg/cfg_5p0_control_1p0/000000005037/generated.png,empty_text_plus_seg,4,5.0,1.0,20,0.6456,0.7556,16.9948
632,a bed room with a neatly made bed a window and a book shelf,,/Users/sophiahuang/Desktop/CS348K/cs348k_proj/outputs/baseline_structural_seg/cfg_5p0_control_1p0/000000000632/target.png,/Users/sophiahuang/Desktop/CS348K/cs348k_proj/outputs/baseline_structural_seg/cfg_5p0_control_1p0/000000000632/seg.png,/Users/sophiahuang/Desktop/CS348K/cs348k_proj/outputs/baseline_structural_seg/cfg_5p0_control_1p0/000000000632/generated.png,empty_text_plus_seg,4,5.0,1.0,20,0.5919,0.4154,28.8029
8277,A styrofoam plate with shredded chicken and a dish of broccoli with cheese sauce.,,/Users/sophiahuang/Desktop/CS348K/cs348k_proj/outputs/baseline_structural_seg/cfg_5p0_control_1p0/000000008277/target.png,/Users/sophiahuang/Desktop/CS348K/cs348k_proj/outputs/baseline_structural_seg/cfg_5p0_control_1p0/000000008277/seg.png,/Users/sophiahuang/Desktop/CS348K/cs348k_proj/outputs/baseline_structural_seg/cfg_5p0_control_1p0/000000008277/generated.png,empty_text_plus_seg,4,5.0,1.0,20,0.6897,0.7798,15.5528
6040,An electric train is traveling down the track on a road.,,/Users/sophiahuang/Desktop/CS348K/cs348k_proj/outputs/baseline_structural_seg/cfg_5p0_control_1p0/000000006040/target.png,/Users/sophiahuang/Desktop/CS348K/cs348k_proj/outputs/baseline_structural_seg/cfg_5p0_control_1p0/000000006040/seg.png,/Users/sophiahuang/Desktop/CS348K/cs348k_proj/outputs/baseline_structural_seg/cfg_5p0_control_1p0/000000006040/generated.png,empty_text_plus_seg,4,5.0,1.0,20,0.6565,0.609,21.8731
7108,"A close up from knees up front view of an elephant with trunk forward, outside on dirt, with other elephants, grass, bushes and white-blue sky.",,/Users/sophiahuang/Desktop/CS348K/cs348k_proj/outputs/baseline_structural_seg/cfg_5p0_control_1p0/000000007108/target.png,/Users/sophiahuang/Desktop/CS348K/cs348k_proj/outputs/baseline_structural_seg/cfg_5p0_control_1p0/000000007108/seg.png,/Users/sophiahuang/Desktop/CS348K/cs348k_proj/outputs/baseline_structural_seg/cfg_5p0_control_1p0/000000007108/generated.png,empty_text_plus_seg,4,5.0,1.0,20,0.6422,0.4618,28.7092
5586,A tennis player in a crowded arena waits for the next volley.,,/Users/sophiahuang/Desktop/CS348K/cs348k_proj/outputs/baseline_structural_seg/cfg_5p0_control_1p0/000000005586/target.png,/Users/sophiahuang/Desktop/CS348K/cs348k_proj/outputs/baseline_structural_seg/cfg_5p0_control_1p0/000000005586/seg.png,/Users/sophiahuang/Desktop/CS348K/cs348k_proj/outputs/baseline_structural_seg/cfg_5p0_control_1p0/000000005586/generated.png,empty_text_plus_seg,4,5.0,1.0,20,0.7188,0.7213,21.7083
7281,Two people on horseback are posing while the horses gallop on a beach shore.,,/Users/sophiahuang/Desktop/CS348K/cs348k_proj/outputs/baseline_structural_seg/cfg_5p0_control_1p0/000000007281/target.png,/Users/sophiahuang/Desktop/CS348K/cs348k_proj/outputs/baseline_structural_seg/cfg_5p0_control_1p0/000000007281/seg.png,/Users/sophiahuang/Desktop/CS348K/cs348k_proj/outputs/baseline_structural_seg/cfg_5p0_control_1p0/000000007281/generated.png,empty_text_plus_seg,4,5.0,1.0,20,0.6779,0.5559,28.599
7511,Man flying a kite on the beach while others run along the sand.,,/Users/sophiahuang/Desktop/CS348K/cs348k_proj/outputs/baseline_structural_seg/cfg_5p0_control_1p0/000000007511/target.png,/Users/sophiahuang/Desktop/CS348K/cs348k_proj/outputs/baseline_structural_seg/cfg_5p0_control_1p0/000000007511/seg.png,/Users/sophiahuang/Desktop/CS348K/cs348k_proj/outputs/baseline_structural_seg/cfg_5p0_control_1p0/000000007511/generated.png,empty_text_plus_seg,4,5.0,1.0,20,0.6294,0.5946,22.9797
9483,"A man by desk with mixing equipment, a keyboard and a computer monitor.",,/Users/sophiahuang/Desktop/CS348K/cs348k_proj/outputs/baseline_structural_seg/cfg_5p0_control_1p0/000000009483/target.png,/Users/sophiahuang/Desktop/CS348K/cs348k_proj/outputs/baseline_structural_seg/cfg_5p0_control_1p0/000000009483/seg.png,/Users/sophiahuang/Desktop/CS348K/cs348k_proj/outputs/baseline_structural_seg/cfg_5p0_control_1p0/000000009483/generated.png,empty_text_plus_seg,4,5.0,1.0,20,0.6753,0.6096,23.6385
139,A woman stands in the dining area at the table.,,/Users/sophiahuang/Desktop/CS348K/cs348k_proj/outputs/baseline_structural_seg/cfg_5p0_control_1p0/000000000139/target.png,/Users/sophiahuang/Desktop/CS348K/cs348k_proj/outputs/baseline_structural_seg/cfg_5p0_control_1p0/000000000139/seg.png,/Users/sophiahuang/Desktop/CS348K/cs348k_proj/outputs/baseline_structural_seg/cfg_5p0_control_1p0/000000000139/generated.png,empty_text_plus_seg,4,5.0,1.0,20,0.7182,0.442,22.588
5992,A herd of sheep standing on top of a green grass covered yard.,,/Users/sophiahuang/Desktop/CS348K/cs348k_proj/outputs/baseline_structural_seg/cfg_5p0_control_1p0/000000005992/target.png,/Users/sophiahuang/Desktop/CS348K/cs348k_proj/outputs/baseline_structural_seg/cfg_5p0_control_1p0/000000005992/seg.png,/Users/sophiahuang/Desktop/CS348K/cs348k_proj/outputs/baseline_structural_seg/cfg_5p0_control_1p0/000000005992/generated.png,empty_text_plus_seg,4,5.0,1.0,20,0.6249,0.5119,22.3954
885,Someone playing in a tennis tournament with a crowd looking on.,,/Users/sophiahuang/Desktop/CS348K/cs348k_proj/outputs/baseline_structural_seg/cfg_5p0_control_1p0/000000000885/target.png,/Users/sophiahuang/Desktop/CS348K/cs348k_proj/outputs/baseline_structural_seg/cfg_5p0_control_1p0/000000000885/seg.png,/Users/sophiahuang/Desktop/CS348K/cs348k_proj/outputs/baseline_structural_seg/cfg_5p0_control_1p0/000000000885/generated.png,empty_text_plus_seg,4,5.0,1.0,20,0.7641,0.7881,19.9106
1584,a red double decker bus that is in the middle of the road,,/Users/sophiahuang/Desktop/CS348K/cs348k_proj/outputs/baseline_structural_seg/cfg_5p0_control_1p0/000000001584/target.png,/Users/sophiahuang/Desktop/CS348K/cs348k_proj/outputs/baseline_structural_seg/cfg_5p0_control_1p0/000000001584/seg.png,/Users/sophiahuang/Desktop/CS348K/cs348k_proj/outputs/baseline_structural_seg/cfg_5p0_control_1p0/000000001584/generated.png,empty_text_plus_seg,4,5.0,1.0,20,0.6819,0.7503,17.0916
3661,A bunch of bananas sitting on top of a wooden table.,,/Users/sophiahuang/Desktop/CS348K/cs348k_proj/outputs/baseline_structural_seg/cfg_5p0_control_1p0/000000003661/target.png,/Users/sophiahuang/Desktop/CS348K/cs348k_proj/outputs/baseline_structural_seg/cfg_5p0_control_1p0/000000003661/seg.png,/Users/sophiahuang/Desktop/CS348K/cs348k_proj/outputs/baseline_structural_seg/cfg_5p0_control_1p0/000000003661/generated.png,empty_text_plus_seg,4,5.0,1.0,20,0.7533,0.5036,23.5754
2923,A couple of birds walk through a field of tall grass near a sail boat harbor.,,/Users/sophiahuang/Desktop/CS348K/cs348k_proj/outputs/baseline_structural_seg/cfg_5p0_control_1p0/000000002923/target.png,/Users/sophiahuang/Desktop/CS348K/cs348k_proj/outputs/baseline_structural_seg/cfg_5p0_control_1p0/000000002923/seg.png,/Users/sophiahuang/Desktop/CS348K/cs348k_proj/outputs/baseline_structural_seg/cfg_5p0_control_1p0/000000002923/generated.png,empty_text_plus_seg,4,5.0,1.0,20,0.7332,0.6626,16.1122
2685,A crowd of people stand near a man behind a bar with wine bottles on it.,,/Users/sophiahuang/Desktop/CS348K/cs348k_proj/outputs/baseline_structural_seg/cfg_7p5_control_1p0/000000002685/target.png,/Users/sophiahuang/Desktop/CS348K/cs348k_proj/outputs/baseline_structural_seg/cfg_7p5_control_1p0/000000002685/seg.png,/Users/sophiahuang/Desktop/CS348K/cs348k_proj/outputs/baseline_structural_seg/cfg_7p5_control_1p0/000000002685/generated.png,empty_text_plus_seg,4,7.5,1.0,20,0.7384,0.6115,21.114
6763,A man and a women posing next to one another in front of a table.,,/Users/sophiahuang/Desktop/CS348K/cs348k_proj/outputs/baseline_structural_seg/cfg_7p5_control_1p0/000000006763/target.png,/Users/sophiahuang/Desktop/CS348K/cs348k_proj/outputs/baseline_structural_seg/cfg_7p5_control_1p0/000000006763/seg.png,/Users/sophiahuang/Desktop/CS348K/cs348k_proj/outputs/baseline_structural_seg/cfg_7p5_control_1p0/000000006763/generated.png,empty_text_plus_seg,4,7.5,1.0,20,0.6824,0.7469,22.5417
2157,A table topped with a cake covered in berries next to a plate of sandwiches.,,/Users/sophiahuang/Desktop/CS348K/cs348k_proj/outputs/baseline_structural_seg/cfg_7p5_control_1p0/000000002157/target.png,/Users/sophiahuang/Desktop/CS348K/cs348k_proj/outputs/baseline_structural_seg/cfg_7p5_control_1p0/000000002157/seg.png,/Users/sophiahuang/Desktop/CS348K/cs348k_proj/outputs/baseline_structural_seg/cfg_7p5_control_1p0/000000002157/generated.png,empty_text_plus_seg,4,7.5,1.0,20,0.6561,0.535,24.5979
2431,"A table with a plate, wine-filled glass, and bread, among other items",,/Users/sophiahuang/Desktop/CS348K/cs348k_proj/outputs/baseline_structural_seg/cfg_7p5_control_1p0/000000002431/target.png,/Users/sophiahuang/Desktop/CS348K/cs348k_proj/outputs/baseline_structural_seg/cfg_7p5_control_1p0/000000002431/seg.png,/Users/sophiahuang/Desktop/CS348K/cs348k_proj/outputs/baseline_structural_seg/cfg_7p5_control_1p0/000000002431/generated.png,empty_text_plus_seg,4,7.5,1.0,20,0.6516,0.6191,24.528
9400,Sever people are sitting next to each other while using laptops.,,/Users/sophiahuang/Desktop/CS348K/cs348k_proj/outputs/baseline_structural_seg/cfg_7p5_control_1p0/000000009400/target.png,/Users/sophiahuang/Desktop/CS348K/cs348k_proj/outputs/baseline_structural_seg/cfg_7p5_control_1p0/000000009400/seg.png,/Users/sophiahuang/Desktop/CS348K/cs348k_proj/outputs/baseline_structural_seg/cfg_7p5_control_1p0/000000009400/generated.png,empty_text_plus_seg,4,7.5,1.0,20,0.7046,0.5885,20.1133
7818,An illuminated floral display forms the centerpiece of the arrangement in this close up of a dining room table setting.,,/Users/sophiahuang/Desktop/CS348K/cs348k_proj/outputs/baseline_structural_seg/cfg_7p5_control_1p0/000000007818/target.png,/Users/sophiahuang/Desktop/CS348K/cs348k_proj/outputs/baseline_structural_seg/cfg_7p5_control_1p0/000000007818/seg.png,/Users/sophiahuang/Desktop/CS348K/cs348k_proj/outputs/baseline_structural_seg/cfg_7p5_control_1p0/000000007818/generated.png,empty_text_plus_seg,4,7.5,1.0,20,0.7143,0.5526,27.4735
1503,A picture of an iMac desktop next to a Mac laptop on a desk. ,,/Users/sophiahuang/Desktop/CS348K/cs348k_proj/outputs/baseline_structural_seg/cfg_7p5_control_1p0/000000001503/target.png,/Users/sophiahuang/Desktop/CS348K/cs348k_proj/outputs/baseline_structural_seg/cfg_7p5_control_1p0/000000001503/seg.png,/Users/sophiahuang/Desktop/CS348K/cs348k_proj/outputs/baseline_structural_seg/cfg_7p5_control_1p0/000000001503/generated.png,empty_text_plus_seg,4,7.5,1.0,20,0.698,0.73,21.3159
6471,A man at bat waiting for a pitch with a catcher and umpire behind him and players from the opposing team in the dugout.,,/Users/sophiahuang/Desktop/CS348K/cs348k_proj/outputs/baseline_structural_seg/cfg_7p5_control_1p0/000000006471/target.png,/Users/sophiahuang/Desktop/CS348K/cs348k_proj/outputs/baseline_structural_seg/cfg_7p5_control_1p0/000000006471/seg.png,/Users/sophiahuang/Desktop/CS348K/cs348k_proj/outputs/baseline_structural_seg/cfg_7p5_control_1p0/000000006471/generated.png,empty_text_plus_seg,4,7.5,1.0,20,0.6602,0.699,21.0811
3845,A dinner plate that has white steamed rice with stir fry vegetables and chicken.,,/Users/sophiahuang/Desktop/CS348K/cs348k_proj/outputs/baseline_structural_seg/cfg_7p5_control_1p0/000000003845/target.png,/Users/sophiahuang/Desktop/CS348K/cs348k_proj/outputs/baseline_structural_seg/cfg_7p5_control_1p0/000000003845/seg.png,/Users/sophiahuang/Desktop/CS348K/cs348k_proj/outputs/baseline_structural_seg/cfg_7p5_control_1p0/000000003845/generated.png,empty_text_plus_seg,4,7.5,1.0,20,0.7267,0.5558,17.5669
1268,A waterway under a bridge with people sitting down and a woman taking a photo.,,/Users/sophiahuang/Desktop/CS348K/cs348k_proj/outputs/baseline_structural_seg/cfg_7p5_control_1p0/000000001268/target.png,/Users/sophiahuang/Desktop/CS348K/cs348k_proj/outputs/baseline_structural_seg/cfg_7p5_control_1p0/000000001268/seg.png,/Users/sophiahuang/Desktop/CS348K/cs348k_proj/outputs/baseline_structural_seg/cfg_7p5_control_1p0/000000001268/generated.png,empty_text_plus_seg,4,7.5,1.0,20,0.6265,0.6737,18.3128
9891,The man is loading luggage suitcases onto the cart in the parking lot. ,,/Users/sophiahuang/Desktop/CS348K/cs348k_proj/outputs/baseline_structural_seg/cfg_7p5_control_1p0/000000009891/target.png,/Users/sophiahuang/Desktop/CS348K/cs348k_proj/outputs/baseline_structural_seg/cfg_7p5_control_1p0/000000009891/seg.png,/Users/sophiahuang/Desktop/CS348K/cs348k_proj/outputs/baseline_structural_seg/cfg_7p5_control_1p0/000000009891/generated.png,empty_text_plus_seg,4,7.5,1.0,20,0.6463,0.4628,23.6358
5001,A group of people holding a large pair of scissors to a ribbon.,,/Users/sophiahuang/Desktop/CS348K/cs348k_proj/outputs/baseline_structural_seg/cfg_7p5_control_1p0/000000005001/target.png,/Users/sophiahuang/Desktop/CS348K/cs348k_proj/outputs/baseline_structural_seg/cfg_7p5_control_1p0/000000005001/seg.png,/Users/sophiahuang/Desktop/CS348K/cs348k_proj/outputs/baseline_structural_seg/cfg_7p5_control_1p0/000000005001/generated.png,empty_text_plus_seg,4,7.5,1.0,20,0.6361,0.6217,22.624
3934,A young girl in the foreground and a woman in a bridal dress and other adults in the background. ,,/Users/sophiahuang/Desktop/CS348K/cs348k_proj/outputs/baseline_structural_seg/cfg_7p5_control_1p0/000000003934/target.png,/Users/sophiahuang/Desktop/CS348K/cs348k_proj/outputs/baseline_structural_seg/cfg_7p5_control_1p0/000000003934/seg.png,/Users/sophiahuang/Desktop/CS348K/cs348k_proj/outputs/baseline_structural_seg/cfg_7p5_control_1p0/000000003934/generated.png,empty_text_plus_seg,4,7.5,1.0,20,0.6387,0.5526,19.6333
1000,A group of kids posing for a picture on a tennis court.,,/Users/sophiahuang/Desktop/CS348K/cs348k_proj/outputs/baseline_structural_seg/cfg_7p5_control_1p0/000000001000/target.png,/Users/sophiahuang/Desktop/CS348K/cs348k_proj/outputs/baseline_structural_seg/cfg_7p5_control_1p0/000000001000/seg.png,/Users/sophiahuang/Desktop/CS348K/cs348k_proj/outputs/baseline_structural_seg/cfg_7p5_control_1p0/000000001000/generated.png,empty_text_plus_seg,4,7.5,1.0,20,0.673,0.6353,20.9513
2006,City bus driving through pedestrian saturated area near crosswalk.,,/Users/sophiahuang/Desktop/CS348K/cs348k_proj/outputs/baseline_structural_seg/cfg_7p5_control_1p0/000000002006/target.png,/Users/sophiahuang/Desktop/CS348K/cs348k_proj/outputs/baseline_structural_seg/cfg_7p5_control_1p0/000000002006/seg.png,/Users/sophiahuang/Desktop/CS348K/cs348k_proj/outputs/baseline_structural_seg/cfg_7p5_control_1p0/000000002006/generated.png,empty_text_plus_seg,4,7.5,1.0,20,0.6594,0.7967,9.8694
7574,"A kitchen with two sinks, a counter, detergent, a stove and a refrigerator in it.",,/Users/sophiahuang/Desktop/CS348K/cs348k_proj/outputs/baseline_structural_seg/cfg_7p5_control_1p0/000000007574/target.png,/Users/sophiahuang/Desktop/CS348K/cs348k_proj/outputs/baseline_structural_seg/cfg_7p5_control_1p0/000000007574/seg.png,/Users/sophiahuang/Desktop/CS348K/cs348k_proj/outputs/baseline_structural_seg/cfg_7p5_control_1p0/000000007574/generated.png,empty_text_plus_seg,4,7.5,1.0,20,0.6099,0.4614,24.9587
4134,Two men standing next to each other holding hands.,,/Users/sophiahuang/Desktop/CS348K/cs348k_proj/outputs/baseline_structural_seg/cfg_7p5_control_1p0/000000004134/target.png,/Users/sophiahuang/Desktop/CS348K/cs348k_proj/outputs/baseline_structural_seg/cfg_7p5_control_1p0/000000004134/seg.png,/Users/sophiahuang/Desktop/CS348K/cs348k_proj/outputs/baseline_structural_seg/cfg_7p5_control_1p0/000000004134/generated.png,empty_text_plus_seg,4,7.5,1.0,20,0.6568,0.677,20.5535
8021,An audience is looking at an film of a man taking that is projected onto a wall. ,,/Users/sophiahuang/Desktop/CS348K/cs348k_proj/outputs/baseline_structural_seg/cfg_7p5_control_1p0/000000008021/target.png,/Users/sophiahuang/Desktop/CS348K/cs348k_proj/outputs/baseline_structural_seg/cfg_7p5_control_1p0/000000008021/seg.png,/Users/sophiahuang/Desktop/CS348K/cs348k_proj/outputs/baseline_structural_seg/cfg_7p5_control_1p0/000000008021/generated.png,empty_text_plus_seg,4,7.5,1.0,20,0.767,0.7385,24.2619
5193,A group of people pose for a picture while a man holds two surfboards. ,,/Users/sophiahuang/Desktop/CS348K/cs348k_proj/outputs/baseline_structural_seg/cfg_7p5_control_1p0/000000005193/target.png,/Users/sophiahuang/Desktop/CS348K/cs348k_proj/outputs/baseline_structural_seg/cfg_7p5_control_1p0/000000005193/seg.png,/Users/sophiahuang/Desktop/CS348K/cs348k_proj/outputs/baseline_structural_seg/cfg_7p5_control_1p0/000000005193/generated.png,empty_text_plus_seg,4,7.5,1.0,20,0.7096,0.4708,21.8055
6771,The woman wearing a costume among others is using a cell phone.,,/Users/sophiahuang/Desktop/CS348K/cs348k_proj/outputs/baseline_structural_seg/cfg_7p5_control_1p0/000000006771/target.png,/Users/sophiahuang/Desktop/CS348K/cs348k_proj/outputs/baseline_structural_seg/cfg_7p5_control_1p0/000000006771/seg.png,/Users/sophiahuang/Desktop/CS348K/cs348k_proj/outputs/baseline_structural_seg/cfg_7p5_control_1p0/000000006771/generated.png,empty_text_plus_seg,4,7.5,1.0,20,0.7138,0.5985,25.2104
9590,A group of guys are sitting at a table eating and laughing.,,/Users/sophiahuang/Desktop/CS348K/cs348k_proj/outputs/baseline_structural_seg/cfg_7p5_control_1p0/000000009590/target.png,/Users/sophiahuang/Desktop/CS348K/cs348k_proj/outputs/baseline_structural_seg/cfg_7p5_control_1p0/000000009590/seg.png,/Users/sophiahuang/Desktop/CS348K/cs348k_proj/outputs/baseline_structural_seg/cfg_7p5_control_1p0/000000009590/generated.png,empty_text_plus_seg,4,7.5,1.0,20,0.622,0.5062,23.5175
4795,A cat observing a computer screen next to a laptop and a cordless phone.,,/Users/sophiahuang/Desktop/CS348K/cs348k_proj/outputs/baseline_structural_seg/cfg_7p5_control_1p0/000000004795/target.png,/Users/sophiahuang/Desktop/CS348K/cs348k_proj/outputs/baseline_structural_seg/cfg_7p5_control_1p0/000000004795/seg.png,/Users/sophiahuang/Desktop/CS348K/cs348k_proj/outputs/baseline_structural_seg/cfg_7p5_control_1p0/000000004795/generated.png,empty_text_plus_seg,4,7.5,1.0,20,0.6886,0.7512,14.9733
9378,A man holding onto a yellow frisbee while having long hair.,,/Users/sophiahuang/Desktop/CS348K/cs348k_proj/outputs/baseline_structural_seg/cfg_7p5_control_1p0/000000009378/target.png,/Users/sophiahuang/Desktop/CS348K/cs348k_proj/outputs/baseline_structural_seg/cfg_7p5_control_1p0/000000009378/seg.png,/Users/sophiahuang/Desktop/CS348K/cs348k_proj/outputs/baseline_structural_seg/cfg_7p5_control_1p0/000000009378/generated.png,empty_text_plus_seg,4,7.5,1.0,20,0.7126,0.764,21.1197
7816,A person on a motorcycles driving past a group of people behind a fence.,,/Users/sophiahuang/Desktop/CS348K/cs348k_proj/outputs/baseline_structural_seg/cfg_7p5_control_1p0/000000007816/target.png,/Users/sophiahuang/Desktop/CS348K/cs348k_proj/outputs/baseline_structural_seg/cfg_7p5_control_1p0/000000007816/seg.png,/Users/sophiahuang/Desktop/CS348K/cs348k_proj/outputs/baseline_structural_seg/cfg_7p5_control_1p0/000000007816/generated.png,empty_text_plus_seg,4,7.5,1.0,20,0.6853,0.6543,22.5422
8844,A middle aged black woman is standing behind a table full of bananas.,,/Users/sophiahuang/Desktop/CS348K/cs348k_proj/outputs/baseline_structural_seg/cfg_7p5_control_1p0/000000008844/target.png,/Users/sophiahuang/Desktop/CS348K/cs348k_proj/outputs/baseline_structural_seg/cfg_7p5_control_1p0/000000008844/seg.png,/Users/sophiahuang/Desktop/CS348K/cs348k_proj/outputs/baseline_structural_seg/cfg_7p5_control_1p0/000000008844/generated.png,empty_text_plus_seg,4,7.5,1.0,20,0.7935,0.7293,20.5173
5037,A passenger bus pulling up to the side of a street.,,/Users/sophiahuang/Desktop/CS348K/cs348k_proj/outputs/baseline_structural_seg/cfg_7p5_control_1p0/000000005037/target.png,/Users/sophiahuang/Desktop/CS348K/cs348k_proj/outputs/baseline_structural_seg/cfg_7p5_control_1p0/000000005037/seg.png,/Users/sophiahuang/Desktop/CS348K/cs348k_proj/outputs/baseline_structural_seg/cfg_7p5_control_1p0/000000005037/generated.png,empty_text_plus_seg,4,7.5,1.0,20,0.621,0.5125,26.1388
632,a bed room with a neatly made bed a window and a book shelf,,/Users/sophiahuang/Desktop/CS348K/cs348k_proj/outputs/baseline_structural_seg/cfg_7p5_control_1p0/000000000632/target.png,/Users/sophiahuang/Desktop/CS348K/cs348k_proj/outputs/baseline_structural_seg/cfg_7p5_control_1p0/000000000632/seg.png,/Users/sophiahuang/Desktop/CS348K/cs348k_proj/outputs/baseline_structural_seg/cfg_7p5_control_1p0/000000000632/generated.png,empty_text_plus_seg,4,7.5,1.0,20,0.6064,0.4317,28.3095
8277,A styrofoam plate with shredded chicken and a dish of broccoli with cheese sauce.,,/Users/sophiahuang/Desktop/CS348K/cs348k_proj/outputs/baseline_structural_seg/cfg_7p5_control_1p0/000000008277/target.png,/Users/sophiahuang/Desktop/CS348K/cs348k_proj/outputs/baseline_structural_seg/cfg_7p5_control_1p0/000000008277/seg.png,/Users/sophiahuang/Desktop/CS348K/cs348k_proj/outputs/baseline_structural_seg/cfg_7p5_control_1p0/000000008277/generated.png,empty_text_plus_seg,4,7.5,1.0,20,0.5805,0.4596,24.5851
6040,An electric train is traveling down the track on a road.,,/Users/sophiahuang/Desktop/CS348K/cs348k_proj/outputs/baseline_structural_seg/cfg_7p5_control_1p0/000000006040/target.png,/Users/sophiahuang/Desktop/CS348K/cs348k_proj/outputs/baseline_structural_seg/cfg_7p5_control_1p0/000000006040/seg.png,/Users/sophiahuang/Desktop/CS348K/cs348k_proj/outputs/baseline_structural_seg/cfg_7p5_control_1p0/000000006040/generated.png,empty_text_plus_seg,4,7.5,1.0,20,0.6719,0.5826,22.8592
7108,"A close up from knees up front view of an elephant with trunk forward, outside on dirt, with other elephants, grass, bushes and white-blue sky.",,/Users/sophiahuang/Desktop/CS348K/cs348k_proj/outputs/baseline_structural_seg/cfg_7p5_control_1p0/000000007108/target.png,/Users/sophiahuang/Desktop/CS348K/cs348k_proj/outputs/baseline_structural_seg/cfg_7p5_control_1p0/000000007108/seg.png,/Users/sophiahuang/Desktop/CS348K/cs348k_proj/outputs/baseline_structural_seg/cfg_7p5_control_1p0/000000007108/generated.png,empty_text_plus_seg,4,7.5,1.0,20,0.6306,0.4827,25.8255
5586,A tennis player in a crowded arena waits for the next volley.,,/Users/sophiahuang/Desktop/CS348K/cs348k_proj/outputs/baseline_structural_seg/cfg_7p5_control_1p0/000000005586/target.png,/Users/sophiahuang/Desktop/CS348K/cs348k_proj/outputs/baseline_structural_seg/cfg_7p5_control_1p0/000000005586/seg.png,/Users/sophiahuang/Desktop/CS348K/cs348k_proj/outputs/baseline_structural_seg/cfg_7p5_control_1p0/000000005586/generated.png,empty_text_plus_seg,4,7.5,1.0,20,0.745,0.6893,21.2342
7281,Two people on horseback are posing while the horses gallop on a beach shore.,,/Users/sophiahuang/Desktop/CS348K/cs348k_proj/outputs/baseline_structural_seg/cfg_7p5_control_1p0/000000007281/target.png,/Users/sophiahuang/Desktop/CS348K/cs348k_proj/outputs/baseline_structural_seg/cfg_7p5_control_1p0/000000007281/seg.png,/Users/sophiahuang/Desktop/CS348K/cs348k_proj/outputs/baseline_structural_seg/cfg_7p5_control_1p0/000000007281/generated.png,empty_text_plus_seg,4,7.5,1.0,20,0.6564,0.548,21.766
7511,Man flying a kite on the beach while others run along the sand.,,/Users/sophiahuang/Desktop/CS348K/cs348k_proj/outputs/baseline_structural_seg/cfg_7p5_control_1p0/000000007511/target.png,/Users/sophiahuang/Desktop/CS348K/cs348k_proj/outputs/baseline_structural_seg/cfg_7p5_control_1p0/000000007511/seg.png,/Users/sophiahuang/Desktop/CS348K/cs348k_proj/outputs/baseline_structural_seg/cfg_7p5_control_1p0/000000007511/generated.png,empty_text_plus_seg,4,7.5,1.0,20,0.6741,0.6976,21.2813
9483,"A man by desk with mixing equipment, a keyboard and a computer monitor.",,/Users/sophiahuang/Desktop/CS348K/cs348k_proj/outputs/baseline_structural_seg/cfg_7p5_control_1p0/000000009483/target.png,/Users/sophiahuang/Desktop/CS348K/cs348k_proj/outputs/baseline_structural_seg/cfg_7p5_control_1p0/000000009483/seg.png,/Users/sophiahuang/Desktop/CS348K/cs348k_proj/outputs/baseline_structural_seg/cfg_7p5_control_1p0/000000009483/generated.png,empty_text_plus_seg,4,7.5,1.0,20,0.6181,0.6615,18.4788
139,A woman stands in the dining area at the table.,,/Users/sophiahuang/Desktop/CS348K/cs348k_proj/outputs/baseline_structural_seg/cfg_7p5_control_1p0/000000000139/target.png,/Users/sophiahuang/Desktop/CS348K/cs348k_proj/outputs/baseline_structural_seg/cfg_7p5_control_1p0/000000000139/seg.png,/Users/sophiahuang/Desktop/CS348K/cs348k_proj/outputs/baseline_structural_seg/cfg_7p5_control_1p0/000000000139/generated.png,empty_text_plus_seg,4,7.5,1.0,20,0.745,0.6037,22.2947
5992,A herd of sheep standing on top of a green grass covered yard.,,/Users/sophiahuang/Desktop/CS348K/cs348k_proj/outputs/baseline_structural_seg/cfg_7p5_control_1p0/000000005992/target.png,/Users/sophiahuang/Desktop/CS348K/cs348k_proj/outputs/baseline_structural_seg/cfg_7p5_control_1p0/000000005992/seg.png,/Users/sophiahuang/Desktop/CS348K/cs348k_proj/outputs/baseline_structural_seg/cfg_7p5_control_1p0/000000005992/generated.png,empty_text_plus_seg,4,7.5,1.0,20,0.6395,0.5409,23.8354
885,Someone playing in a tennis tournament with a crowd looking on.,,/Users/sophiahuang/Desktop/CS348K/cs348k_proj/outputs/baseline_structural_seg/cfg_7p5_control_1p0/000000000885/target.png,/Users/sophiahuang/Desktop/CS348K/cs348k_proj/outputs/baseline_structural_seg/cfg_7p5_control_1p0/000000000885/seg.png,/Users/sophiahuang/Desktop/CS348K/cs348k_proj/outputs/baseline_structural_seg/cfg_7p5_control_1p0/000000000885/generated.png,empty_text_plus_seg,4,7.5,1.0,20,0.7893,0.5813,25.1023
1584,a red double decker bus that is in the middle of the road,,/Users/sophiahuang/Desktop/CS348K/cs348k_proj/outputs/baseline_structural_seg/cfg_7p5_control_1p0/000000001584/target.png,/Users/sophiahuang/Desktop/CS348K/cs348k_proj/outputs/baseline_structural_seg/cfg_7p5_control_1p0/000000001584/seg.png,/Users/sophiahuang/Desktop/CS348K/cs348k_proj/outputs/baseline_structural_seg/cfg_7p5_control_1p0/000000001584/generated.png,empty_text_plus_seg,4,7.5,1.0,20,0.6159,0.6025,20.6635
3661,A bunch of bananas sitting on top of a wooden table.,,/Users/sophiahuang/Desktop/CS348K/cs348k_proj/outputs/baseline_structural_seg/cfg_7p5_control_1p0/000000003661/target.png,/Users/sophiahuang/Desktop/CS348K/cs348k_proj/outputs/baseline_structural_seg/cfg_7p5_control_1p0/000000003661/seg.png,/Users/sophiahuang/Desktop/CS348K/cs348k_proj/outputs/baseline_structural_seg/cfg_7p5_control_1p0/000000003661/generated.png,empty_text_plus_seg,4,7.5,1.0,20,0.8316,0.6291,15.2332
2923,A couple of birds walk through a field of tall grass near a sail boat harbor.,,/Users/sophiahuang/Desktop/CS348K/cs348k_proj/outputs/baseline_structural_seg/cfg_7p5_control_1p0/000000002923/target.png,/Users/sophiahuang/Desktop/CS348K/cs348k_proj/outputs/baseline_structural_seg/cfg_7p5_control_1p0/000000002923/seg.png,/Users/sophiahuang/Desktop/CS348K/cs348k_proj/outputs/baseline_structural_seg/cfg_7p5_control_1p0/000000002923/generated.png,empty_text_plus_seg,4,7.5,1.0,20,0.7738,0.7776,14.1551
2685,A crowd of people stand near a man behind a bar with wine bottles on it.,,/Users/sophiahuang/Desktop/CS348K/cs348k_proj/outputs/baseline_structural_seg/cfg_10p0_control_1p0/000000002685/target.png,/Users/sophiahuang/Desktop/CS348K/cs348k_proj/outputs/baseline_structural_seg/cfg_10p0_control_1p0/000000002685/seg.png,/Users/sophiahuang/Desktop/CS348K/cs348k_proj/outputs/baseline_structural_seg/cfg_10p0_control_1p0/000000002685/generated.png,empty_text_plus_seg,4,10.0,1.0,20,0.717,0.5511,20.6048
6763,A man and a women posing next to one another in front of a table.,,/Users/sophiahuang/Desktop/CS348K/cs348k_proj/outputs/baseline_structural_seg/cfg_10p0_control_1p0/000000006763/target.png,/Users/sophiahuang/Desktop/CS348K/cs348k_proj/outputs/baseline_structural_seg/cfg_10p0_control_1p0/000000006763/seg.png,/Users/sophiahuang/Desktop/CS348K/cs348k_proj/outputs/baseline_structural_seg/cfg_10p0_control_1p0/000000006763/generated.png,empty_text_plus_seg,4,10.0,1.0,20,0.6938,0.7057,22.173
2157,A table topped with a cake covered in berries next to a plate of sandwiches.,,/Users/sophiahuang/Desktop/CS348K/cs348k_proj/outputs/baseline_structural_seg/cfg_10p0_control_1p0/000000002157/target.png,/Users/sophiahuang/Desktop/CS348K/cs348k_proj/outputs/baseline_structural_seg/cfg_10p0_control_1p0/000000002157/seg.png,/Users/sophiahuang/Desktop/CS348K/cs348k_proj/outputs/baseline_structural_seg/cfg_10p0_control_1p0/000000002157/generated.png,empty_text_plus_seg,4,10.0,1.0,20,0.6769,0.4575,27.0515
2431,"A table with a plate, wine-filled glass, and bread, among other items",,/Users/sophiahuang/Desktop/CS348K/cs348k_proj/outputs/baseline_structural_seg/cfg_10p0_control_1p0/000000002431/target.png,/Users/sophiahuang/Desktop/CS348K/cs348k_proj/outputs/baseline_structural_seg/cfg_10p0_control_1p0/000000002431/seg.png,/Users/sophiahuang/Desktop/CS348K/cs348k_proj/outputs/baseline_structural_seg/cfg_10p0_control_1p0/000000002431/generated.png,empty_text_plus_seg,4,10.0,1.0,20,0.6328,0.6183,24.7186
9400,Sever people are sitting next to each other while using laptops.,,/Users/sophiahuang/Desktop/CS348K/cs348k_proj/outputs/baseline_structural_seg/cfg_10p0_control_1p0/000000009400/target.png,/Users/sophiahuang/Desktop/CS348K/cs348k_proj/outputs/baseline_structural_seg/cfg_10p0_control_1p0/000000009400/seg.png,/Users/sophiahuang/Desktop/CS348K/cs348k_proj/outputs/baseline_structural_seg/cfg_10p0_control_1p0/000000009400/generated.png,empty_text_plus_seg,4,10.0,1.0,20,0.7071,0.7032,17.2771
7818,An illuminated floral display forms the centerpiece of the arrangement in this close up of a dining room table setting.,,/Users/sophiahuang/Desktop/CS348K/cs348k_proj/outputs/baseline_structural_seg/cfg_10p0_control_1p0/000000007818/target.png,/Users/sophiahuang/Desktop/CS348K/cs348k_proj/outputs/baseline_structural_seg/cfg_10p0_control_1p0/000000007818/seg.png,/Users/sophiahuang/Desktop/CS348K/cs348k_proj/outputs/baseline_structural_seg/cfg_10p0_control_1p0/000000007818/generated.png,empty_text_plus_seg,4,10.0,1.0,20,0.7304,0.6728,24.339
1503,A picture of an iMac desktop next to a Mac laptop on a desk. ,,/Users/sophiahuang/Desktop/CS348K/cs348k_proj/outputs/baseline_structural_seg/cfg_10p0_control_1p0/000000001503/target.png,/Users/sophiahuang/Desktop/CS348K/cs348k_proj/outputs/baseline_structural_seg/cfg_10p0_control_1p0/000000001503/seg.png,/Users/sophiahuang/Desktop/CS348K/cs348k_proj/outputs/baseline_structural_seg/cfg_10p0_control_1p0/000000001503/generated.png,empty_text_plus_seg,4,10.0,1.0,20,0.6393,0.6751,16.872
6471,A man at bat waiting for a pitch with a catcher and umpire behind him and players from the opposing team in the dugout.,,/Users/sophiahuang/Desktop/CS348K/cs348k_proj/outputs/baseline_structural_seg/cfg_10p0_control_1p0/000000006471/target.png,/Users/sophiahuang/Desktop/CS348K/cs348k_proj/outputs/baseline_structural_seg/cfg_10p0_control_1p0/000000006471/seg.png,/Users/sophiahuang/Desktop/CS348K/cs348k_proj/outputs/baseline_structural_seg/cfg_10p0_control_1p0/000000006471/generated.png,empty_text_plus_seg,4,10.0,1.0,20,0.5964,0.6121,18.3332
3845,A dinner plate that has white steamed rice with stir fry vegetables and chicken.,,/Users/sophiahuang/Desktop/CS348K/cs348k_proj/outputs/baseline_structural_seg/cfg_10p0_control_1p0/000000003845/target.png,/Users/sophiahuang/Desktop/CS348K/cs348k_proj/outputs/baseline_structural_seg/cfg_10p0_control_1p0/000000003845/seg.png,/Users/sophiahuang/Desktop/CS348K/cs348k_proj/outputs/baseline_structural_seg/cfg_10p0_control_1p0/000000003845/generated.png,empty_text_plus_seg,4,10.0,1.0,20,0.7372,0.6444,20.6533
1268,A waterway under a bridge with people sitting down and a woman taking a photo.,,/Users/sophiahuang/Desktop/CS348K/cs348k_proj/outputs/baseline_structural_seg/cfg_10p0_control_1p0/000000001268/target.png,/Users/sophiahuang/Desktop/CS348K/cs348k_proj/outputs/baseline_structural_seg/cfg_10p0_control_1p0/000000001268/seg.png,/Users/sophiahuang/Desktop/CS348K/cs348k_proj/outputs/baseline_structural_seg/cfg_10p0_control_1p0/000000001268/generated.png,empty_text_plus_seg,4,10.0,1.0,20,0.6299,0.6665,18.3928
9891,The man is loading luggage suitcases onto the cart in the parking lot. ,,/Users/sophiahuang/Desktop/CS348K/cs348k_proj/outputs/baseline_structural_seg/cfg_10p0_control_1p0/000000009891/target.png,/Users/sophiahuang/Desktop/CS348K/cs348k_proj/outputs/baseline_structural_seg/cfg_10p0_control_1p0/000000009891/seg.png,/Users/sophiahuang/Desktop/CS348K/cs348k_proj/outputs/baseline_structural_seg/cfg_10p0_control_1p0/000000009891/generated.png,empty_text_plus_seg,4,10.0,1.0,20,0.6529,0.5931,18.5987
5001,A group of people holding a large pair of scissors to a ribbon.,,/Users/sophiahuang/Desktop/CS348K/cs348k_proj/outputs/baseline_structural_seg/cfg_10p0_control_1p0/000000005001/target.png,/Users/sophiahuang/Desktop/CS348K/cs348k_proj/outputs/baseline_structural_seg/cfg_10p0_control_1p0/000000005001/seg.png,/Users/sophiahuang/Desktop/CS348K/cs348k_proj/outputs/baseline_structural_seg/cfg_10p0_control_1p0/000000005001/generated.png,empty_text_plus_seg,4,10.0,1.0,20,0.6868,0.605,23.5301
3934,A young girl in the foreground and a woman in a bridal dress and other adults in the background. ,,/Users/sophiahuang/Desktop/CS348K/cs348k_proj/outputs/baseline_structural_seg/cfg_10p0_control_1p0/000000003934/target.png,/Users/sophiahuang/Desktop/CS348K/cs348k_proj/outputs/baseline_structural_seg/cfg_10p0_control_1p0/000000003934/seg.png,/Users/sophiahuang/Desktop/CS348K/cs348k_proj/outputs/baseline_structural_seg/cfg_10p0_control_1p0/000000003934/generated.png,empty_text_plus_seg,4,10.0,1.0,20,0.6541,0.4858,21.2186
1000,A group of kids posing for a picture on a tennis court.,,/Users/sophiahuang/Desktop/CS348K/cs348k_proj/outputs/baseline_structural_seg/cfg_10p0_control_1p0/000000001000/target.png,/Users/sophiahuang/Desktop/CS348K/cs348k_proj/outputs/baseline_structural_seg/cfg_10p0_control_1p0/000000001000/seg.png,/Users/sophiahuang/Desktop/CS348K/cs348k_proj/outputs/baseline_structural_seg/cfg_10p0_control_1p0/000000001000/generated.png,empty_text_plus_seg,4,10.0,1.0,20,0.7049,0.6074,19.8752
2006,City bus driving through pedestrian saturated area near crosswalk.,,/Users/sophiahuang/Desktop/CS348K/cs348k_proj/outputs/baseline_structural_seg/cfg_10p0_control_1p0/000000002006/target.png,/Users/sophiahuang/Desktop/CS348K/cs348k_proj/outputs/baseline_structural_seg/cfg_10p0_control_1p0/000000002006/seg.png,/Users/sophiahuang/Desktop/CS348K/cs348k_proj/outputs/baseline_structural_seg/cfg_10p0_control_1p0/000000002006/generated.png,empty_text_plus_seg,4,10.0,1.0,20,0.6827,0.7665,19.0507
7574,"A kitchen with two sinks, a counter, detergent, a stove and a refrigerator in it.",,/Users/sophiahuang/Desktop/CS348K/cs348k_proj/outputs/baseline_structural_seg/cfg_10p0_control_1p0/000000007574/target.png,/Users/sophiahuang/Desktop/CS348K/cs348k_proj/outputs/baseline_structural_seg/cfg_10p0_control_1p0/000000007574/seg.png,/Users/sophiahuang/Desktop/CS348K/cs348k_proj/outputs/baseline_structural_seg/cfg_10p0_control_1p0/000000007574/generated.png,empty_text_plus_seg,4,10.0,1.0,20,0.7078,0.6221,24.0984
4134,Two men standing next to each other holding hands.,,/Users/sophiahuang/Desktop/CS348K/cs348k_proj/outputs/baseline_structural_seg/cfg_10p0_control_1p0/000000004134/target.png,/Users/sophiahuang/Desktop/CS348K/cs348k_proj/outputs/baseline_structural_seg/cfg_10p0_control_1p0/000000004134/seg.png,/Users/sophiahuang/Desktop/CS348K/cs348k_proj/outputs/baseline_structural_seg/cfg_10p0_control_1p0/000000004134/generated.png,empty_text_plus_seg,4,10.0,1.0,20,0.6461,0.6158,17.2495
8021,An audience is looking at an film of a man taking that is projected onto a wall. ,,/Users/sophiahuang/Desktop/CS348K/cs348k_proj/outputs/baseline_structural_seg/cfg_10p0_control_1p0/000000008021/target.png,/Users/sophiahuang/Desktop/CS348K/cs348k_proj/outputs/baseline_structural_seg/cfg_10p0_control_1p0/000000008021/seg.png,/Users/sophiahuang/Desktop/CS348K/cs348k_proj/outputs/baseline_structural_seg/cfg_10p0_control_1p0/000000008021/generated.png,empty_text_plus_seg,4,10.0,1.0,20,0.7805,0.8119,23.8693
5193,A group of people pose for a picture while a man holds two surfboards. ,,/Users/sophiahuang/Desktop/CS348K/cs348k_proj/outputs/baseline_structural_seg/cfg_10p0_control_1p0/000000005193/target.png,/Users/sophiahuang/Desktop/CS348K/cs348k_proj/outputs/baseline_structural_seg/cfg_10p0_control_1p0/000000005193/seg.png,/Users/sophiahuang/Desktop/CS348K/cs348k_proj/outputs/baseline_structural_seg/cfg_10p0_control_1p0/000000005193/generated.png,empty_text_plus_seg,4,10.0,1.0,20,0.6618,0.5938,19.4775
6771,The woman wearing a costume among others is using a cell phone.,,/Users/sophiahuang/Desktop/CS348K/cs348k_proj/outputs/baseline_structural_seg/cfg_10p0_control_1p0/000000006771/target.png,/Users/sophiahuang/Desktop/CS348K/cs348k_proj/outputs/baseline_structural_seg/cfg_10p0_control_1p0/000000006771/seg.png,/Users/sophiahuang/Desktop/CS348K/cs348k_proj/outputs/baseline_structural_seg/cfg_10p0_control_1p0/000000006771/generated.png,empty_text_plus_seg,4,10.0,1.0,20,0.675,0.605,21.9989
9590,A group of guys are sitting at a table eating and laughing.,,/Users/sophiahuang/Desktop/CS348K/cs348k_proj/outputs/baseline_structural_seg/cfg_10p0_control_1p0/000000009590/target.png,/Users/sophiahuang/Desktop/CS348K/cs348k_proj/outputs/baseline_structural_seg/cfg_10p0_control_1p0/000000009590/seg.png,/Users/sophiahuang/Desktop/CS348K/cs348k_proj/outputs/baseline_structural_seg/cfg_10p0_control_1p0/000000009590/generated.png,empty_text_plus_seg,4,10.0,1.0,20,0.6027,0.4966,20.8163
4795,A cat observing a computer screen next to a laptop and a cordless phone.,,/Users/sophiahuang/Desktop/CS348K/cs348k_proj/outputs/baseline_structural_seg/cfg_10p0_control_1p0/000000004795/target.png,/Users/sophiahuang/Desktop/CS348K/cs348k_proj/outputs/baseline_structural_seg/cfg_10p0_control_1p0/000000004795/seg.png,/Users/sophiahuang/Desktop/CS348K/cs348k_proj/outputs/baseline_structural_seg/cfg_10p0_control_1p0/000000004795/generated.png,empty_text_plus_seg,4,10.0,1.0,20,0.6774,0.6945,14.0861
9378,A man holding onto a yellow frisbee while having long hair.,,/Users/sophiahuang/Desktop/CS348K/cs348k_proj/outputs/baseline_structural_seg/cfg_10p0_control_1p0/000000009378/target.png,/Users/sophiahuang/Desktop/CS348K/cs348k_proj/outputs/baseline_structural_seg/cfg_10p0_control_1p0/000000009378/seg.png,/Users/sophiahuang/Desktop/CS348K/cs348k_proj/outputs/baseline_structural_seg/cfg_10p0_control_1p0/000000009378/generated.png,empty_text_plus_seg,4,10.0,1.0,20,0.7477,0.7941,17.748
7816,A person on a motorcycles driving past a group of people behind a fence.,,/Users/sophiahuang/Desktop/CS348K/cs348k_proj/outputs/baseline_structural_seg/cfg_10p0_control_1p0/000000007816/target.png,/Users/sophiahuang/Desktop/CS348K/cs348k_proj/outputs/baseline_structural_seg/cfg_10p0_control_1p0/000000007816/seg.png,/Users/sophiahuang/Desktop/CS348K/cs348k_proj/outputs/baseline_structural_seg/cfg_10p0_control_1p0/000000007816/generated.png,empty_text_plus_seg,4,10.0,1.0,20,0.6772,0.4218,29.6631
8844,A middle aged black woman is standing behind a table full of bananas.,,/Users/sophiahuang/Desktop/CS348K/cs348k_proj/outputs/baseline_structural_seg/cfg_10p0_control_1p0/000000008844/target.png,/Users/sophiahuang/Desktop/CS348K/cs348k_proj/outputs/baseline_structural_seg/cfg_10p0_control_1p0/000000008844/seg.png,/Users/sophiahuang/Desktop/CS348K/cs348k_proj/outputs/baseline_structural_seg/cfg_10p0_control_1p0/000000008844/generated.png,empty_text_plus_seg,4,10.0,1.0,20,0.7747,0.5636,18.3248
5037,A passenger bus pulling up to the side of a street.,,/Users/sophiahuang/Desktop/CS348K/cs348k_proj/outputs/baseline_structural_seg/cfg_10p0_control_1p0/000000005037/target.png,/Users/sophiahuang/Desktop/CS348K/cs348k_proj/outputs/baseline_structural_seg/cfg_10p0_control_1p0/000000005037/seg.png,/Users/sophiahuang/Desktop/CS348K/cs348k_proj/outputs/baseline_structural_seg/cfg_10p0_control_1p0/000000005037/generated.png,empty_text_plus_seg,4,10.0,1.0,20,0.6415,0.6976,18.7632
632,a bed room with a neatly made bed a window and a book shelf,,/Users/sophiahuang/Desktop/CS348K/cs348k_proj/outputs/baseline_structural_seg/cfg_10p0_control_1p0/000000000632/target.png,/Users/sophiahuang/Desktop/CS348K/cs348k_proj/outputs/baseline_structural_seg/cfg_10p0_control_1p0/000000000632/seg.png,/Users/sophiahuang/Desktop/CS348K/cs348k_proj/outputs/baseline_structural_seg/cfg_10p0_control_1p0/000000000632/generated.png,empty_text_plus_seg,4,10.0,1.0,20,0.5863,0.4497,27.0611
8277,A styrofoam plate with shredded chicken and a dish of broccoli with cheese sauce.,,/Users/sophiahuang/Desktop/CS348K/cs348k_proj/outputs/baseline_structural_seg/cfg_10p0_control_1p0/000000008277/target.png,/Users/sophiahuang/Desktop/CS348K/cs348k_proj/outputs/baseline_structural_seg/cfg_10p0_control_1p0/000000008277/seg.png,/Users/sophiahuang/Desktop/CS348K/cs348k_proj/outputs/baseline_structural_seg/cfg_10p0_control_1p0/000000008277/generated.png,empty_text_plus_seg,4,10.0,1.0,20,0.6095,0.5947,19.0162
6040,An electric train is traveling down the track on a road.,,/Users/sophiahuang/Desktop/CS348K/cs348k_proj/outputs/baseline_structural_seg/cfg_10p0_control_1p0/000000006040/target.png,/Users/sophiahuang/Desktop/CS348K/cs348k_proj/outputs/baseline_structural_seg/cfg_10p0_control_1p0/000000006040/seg.png,/Users/sophiahuang/Desktop/CS348K/cs348k_proj/outputs/baseline_structural_seg/cfg_10p0_control_1p0/000000006040/generated.png,empty_text_plus_seg,4,10.0,1.0,20,0.6536,0.7583,18.2082
7108,"A close up from knees up front view of an elephant with trunk forward, outside on dirt, with other elephants, grass, bushes and white-blue sky.",,/Users/sophiahuang/Desktop/CS348K/cs348k_proj/outputs/baseline_structural_seg/cfg_10p0_control_1p0/000000007108/target.png,/Users/sophiahuang/Desktop/CS348K/cs348k_proj/outputs/baseline_structural_seg/cfg_10p0_control_1p0/000000007108/seg.png,/Users/sophiahuang/Desktop/CS348K/cs348k_proj/outputs/baseline_structural_seg/cfg_10p0_control_1p0/000000007108/generated.png,empty_text_plus_seg,4,10.0,1.0,20,0.672,0.5916,27.1486
5586,A tennis player in a crowded arena waits for the next volley.,,/Users/sophiahuang/Desktop/CS348K/cs348k_proj/outputs/baseline_structural_seg/cfg_10p0_control_1p0/000000005586/target.png,/Users/sophiahuang/Desktop/CS348K/cs348k_proj/outputs/baseline_structural_seg/cfg_10p0_control_1p0/000000005586/seg.png,/Users/sophiahuang/Desktop/CS348K/cs348k_proj/outputs/baseline_structural_seg/cfg_10p0_control_1p0/000000005586/generated.png,empty_text_plus_seg,4,10.0,1.0,20,0.7077,0.6734,23.8448
7281,Two people on horseback are posing while the horses gallop on a beach shore.,,/Users/sophiahuang/Desktop/CS348K/cs348k_proj/outputs/baseline_structural_seg/cfg_10p0_control_1p0/000000007281/target.png,/Users/sophiahuang/Desktop/CS348K/cs348k_proj/outputs/baseline_structural_seg/cfg_10p0_control_1p0/000000007281/seg.png,/Users/sophiahuang/Desktop/CS348K/cs348k_proj/outputs/baseline_structural_seg/cfg_10p0_control_1p0/000000007281/generated.png,empty_text_plus_seg,4,10.0,1.0,20,0.6893,0.6732,21.5117
7511,Man flying a kite on the beach while others run along the sand.,,/Users/sophiahuang/Desktop/CS348K/cs348k_proj/outputs/baseline_structural_seg/cfg_10p0_control_1p0/000000007511/target.png,/Users/sophiahuang/Desktop/CS348K/cs348k_proj/outputs/baseline_structural_seg/cfg_10p0_control_1p0/000000007511/seg.png,/Users/sophiahuang/Desktop/CS348K/cs348k_proj/outputs/baseline_structural_seg/cfg_10p0_control_1p0/000000007511/generated.png,empty_text_plus_seg,4,10.0,1.0,20,0.6888,0.7229,18.1377
9483,"A man by desk with mixing equipment, a keyboard and a computer monitor.",,/Users/sophiahuang/Desktop/CS348K/cs348k_proj/outputs/baseline_structural_seg/cfg_10p0_control_1p0/000000009483/target.png,/Users/sophiahuang/Desktop/CS348K/cs348k_proj/outputs/baseline_structural_seg/cfg_10p0_control_1p0/000000009483/seg.png,/Users/sophiahuang/Desktop/CS348K/cs348k_proj/outputs/baseline_structural_seg/cfg_10p0_control_1p0/000000009483/generated.png,empty_text_plus_seg,4,10.0,1.0,20,0.5891,0.6546,23.6118
139,A woman stands in the dining area at the table.,,/Users/sophiahuang/Desktop/CS348K/cs348k_proj/outputs/baseline_structural_seg/cfg_10p0_control_1p0/000000000139/target.png,/Users/sophiahuang/Desktop/CS348K/cs348k_proj/outputs/baseline_structural_seg/cfg_10p0_control_1p0/000000000139/seg.png,/Users/sophiahuang/Desktop/CS348K/cs348k_proj/outputs/baseline_structural_seg/cfg_10p0_control_1p0/000000000139/generated.png,empty_text_plus_seg,4,10.0,1.0,20,0.7247,0.529,22.9646
5992,A herd of sheep standing on top of a green grass covered yard.,,/Users/sophiahuang/Desktop/CS348K/cs348k_proj/outputs/baseline_structural_seg/cfg_10p0_control_1p0/000000005992/target.png,/Users/sophiahuang/Desktop/CS348K/cs348k_proj/outputs/baseline_structural_seg/cfg_10p0_control_1p0/000000005992/seg.png,/Users/sophiahuang/Desktop/CS348K/cs348k_proj/outputs/baseline_structural_seg/cfg_10p0_control_1p0/000000005992/generated.png,empty_text_plus_seg,4,10.0,1.0,20,0.6043,0.4321,23.3992
885,Someone playing in a tennis tournament with a crowd looking on.,,/Users/sophiahuang/Desktop/CS348K/cs348k_proj/outputs/baseline_structural_seg/cfg_10p0_control_1p0/000000000885/target.png,/Users/sophiahuang/Desktop/CS348K/cs348k_proj/outputs/baseline_structural_seg/cfg_10p0_control_1p0/000000000885/seg.png,/Users/sophiahuang/Desktop/CS348K/cs348k_proj/outputs/baseline_structural_seg/cfg_10p0_control_1p0/000000000885/generated.png,empty_text_plus_seg,4,10.0,1.0,20,0.7174,0.7467,22.9818
1584,a red double decker bus that is in the middle of the road,,/Users/sophiahuang/Desktop/CS348K/cs348k_proj/outputs/baseline_structural_seg/cfg_10p0_control_1p0/000000001584/target.png,/Users/sophiahuang/Desktop/CS348K/cs348k_proj/outputs/baseline_structural_seg/cfg_10p0_control_1p0/000000001584/seg.png,/Users/sophiahuang/Desktop/CS348K/cs348k_proj/outputs/baseline_structural_seg/cfg_10p0_control_1p0/000000001584/generated.png,empty_text_plus_seg,4,10.0,1.0,20,0.6967,0.7057,18.0265
3661,A bunch of bananas sitting on top of a wooden table.,,/Users/sophiahuang/Desktop/CS348K/cs348k_proj/outputs/baseline_structural_seg/cfg_10p0_control_1p0/000000003661/target.png,/Users/sophiahuang/Desktop/CS348K/cs348k_proj/outputs/baseline_structural_seg/cfg_10p0_control_1p0/000000003661/seg.png,/Users/sophiahuang/Desktop/CS348K/cs348k_proj/outputs/baseline_structural_seg/cfg_10p0_control_1p0/000000003661/generated.png,empty_text_plus_seg,4,10.0,1.0,20,0.796,0.7757,18.2683
2923,A couple of birds walk through a field of tall grass near a sail boat harbor.,,/Users/sophiahuang/Desktop/CS348K/cs348k_proj/outputs/baseline_structural_seg/cfg_10p0_control_1p0/000000002923/target.png,/Users/sophiahuang/Desktop/CS348K/cs348k_proj/outputs/baseline_structural_seg/cfg_10p0_control_1p0/000000002923/seg.png,/Users/sophiahuang/Desktop/CS348K/cs348k_proj/outputs/baseline_structural_seg/cfg_10p0_control_1p0/000000002923/generated.png,empty_text_plus_seg,4,10.0,1.0,20,0.7527,0.7212,18.0565
